row,Year,Product_type,Brand,Title,Ticker,Mkt_Date,Mkt_Date_plus6,close,close_plus6,market_cap_cur,shares_out,year_inc,spx_close,spx_plus6,rtn_vs_spx,rtn,spx
27,1996,Film,Independence Day,,FOX,1/29/1996,7/29/1996,#VALUE!,#VALUE!,"$17,242,850,000 ","537,136,200",2018,672,840,#VALUE!,#VALUE!,0.249999888
30,1997,Film,Dante's Peak,,CMCSA,1/27/1997,7/28/1997,$5.63 ,$7.50 ,"$169,754,635,440 ","4,168,827,000",2001,766.23,655.85,0.477395223,0.333333333,-0.144061889
31,1997,Film,The Lost World: Jurassic Park,,CMCSA,1/27/1997,7/28/1997,$5.63 ,$7.50 ,"$169,754,635,440 ","4,168,827,000",2001,766.23,655.85,0.477395223,0.333333333,-0.144061889
32,1997,Film,The Saint,,VIAC,1/27/1997,7/28/1997,#VALUE!,#VALUE!,#FIELD!,"403,407,500",2005,766.23,655.85,#VALUE!,#VALUE!,-0.144061889
43,1998,Film,Armageddon,,DIS,1/26/1998,7/27/1998,$32.00 ,$36.11 ,"$183,393,154,730 ","1,826,807,000",2018,586.92,533.08,0.220124476,0.128381313,-0.091743163
44,1998,Film,Lost in Space,,N/A,1/26/1998,7/27/1998,#VALUE!,#VALUE!,#FIELD!,#FIELD!,#FIELD!,586.92,533.08,#VALUE!,#VALUE!,-0.091743163
45,1998,Film,Mercury Rising,,CMCSA,1/26/1998,7/27/1998,$10.85 ,$14.35 ,"$169,754,635,440 ","4,168,827,000",2001,586.92,533.08,0.414198987,0.322455824,-0.091743163
46,1998,Film,Sphere,,TWX,1/26/1998,7/27/1998,#VALUE!,#VALUE!,#FIELD!,#FIELD!,#FIELD!,586.92,533.08,#VALUE!,#VALUE!,-0.091743163
47,1998,Film,The Mask of Zorro,,SNE,1/26/1998,7/27/1998,$47.09 ,$45.63 ,"$115,531,900,000 ","1,261,082,000",1946,586.92,533.08,0.060554344,-0.031188819,-0.091743163
48,1998,Film,The Wedding Singer,,N/A,1/26/1998,7/27/1998,#VALUE!,#VALUE!,#FIELD!,#FIELD!,#FIELD!,586.92,533.08,#VALUE!,#VALUE!,-0.091743163
66,1999,Film,Austin Powers: The Spy Who Shagged Me,,N/A,2/1/1999,8/2/1999,#VALUE!,#VALUE!,#FIELD!,#FIELD!,#FIELD!,537.92,669.31,#VALUE!,#VALUE!,0.2442443
67,1999,Film,The Corruptor,,N/A,2/1/1999,8/2/1999,#VALUE!,#VALUE!,#FIELD!,#FIELD!,#FIELD!,537.92,669.31,#VALUE!,#VALUE!,0.2442443
68,1999,Film,Ed TVLife,,CMCSA,2/1/1999,8/2/1999,$21.38 ,$11.63 ,"$169,754,635,440 ","4,168,827,000",2001,537.92,669.31,-0.700384651,-0.456140351,0.2442443
69,1999,Film,8MM,,SNE,2/1/1999,8/2/1999,$36.69 ,$62.50 ,"$115,531,900,000 ","1,261,082,000",1946,537.92,669.31,0.459333213,0.703577513,0.2442443
70,1999,Film,The Matrix,,TWX,2/1/1999,8/2/1999,#VALUE!,#VALUE!,#FIELD!,#FIELD!,#FIELD!,537.92,669.31,#VALUE!,#VALUE!,0.2442443
71,1999,Film,Mulan,Groundhog Day,DIS,2/1/1999,8/2/1999,$33.22 ,$26.81 ,"$183,393,154,730 ","1,826,807,000",2018,537.92,669.31,-0.437193956,-0.192949656,0.2442443
72,1999,Film,The Mummy,,CMCSA,2/1/1999,8/2/1999,$21.38 ,$11.63 ,"$169,754,635,440 ","4,168,827,000",2001,537.92,669.31,-0.700384651,-0.456140351,0.2442443
73,1999,Film,October Sky,,CMCSA,2/1/1999,8/2/1999,$21.38 ,$11.63 ,"$169,754,635,440 ","4,168,827,000",2001,537.92,669.31,-0.700384651,-0.456140351,0.2442443
74,1999,Film,True Crime,,TWX,2/1/1999,8/2/1999,#VALUE!,#VALUE!,#FIELD!,#FIELD!,#FIELD!,537.92,669.31,#VALUE!,#VALUE!,0.2442443
75,1999,Film,Wild Wild West,,TWX,2/1/1999,8/2/1999,#VALUE!,#VALUE!,#FIELD!,#FIELD!,#FIELD!,537.92,669.31,#VALUE!,#VALUE!,0.2442443
90,2000,Film,Gladiator,,N/A,1/31/2000,7/31/2000,#VALUE!,#VALUE!,#FIELD!,#FIELD!,#FIELD!,429.15,358.62,#VALUE!,#VALUE!,-0.164366405
91,2000,Film,Mission to Mars,,DIS,1/31/2000,7/31/2000,$35.80 ,$38.02 ,"$183,393,154,730 ","1,826,807,000",2018,429.15,358.62,0.226326654,0.06196025,-0.164366405
92,2000,Film,Titan A.E.,,FOX,1/31/2000,7/31/2000,#VALUE!,#VALUE!,"$17,242,850,000 ","537,136,200",2018,429.15,358.62,#VALUE!,#VALUE!,-0.164366405
120,2001,Film,A Knight's Tale,,SNE,1/29/2001,7/30/2001,$73.50 ,$46.40 ,"$115,531,900,000 ","1,261,082,000",1946,414.62,451.77,-0.458317715,-0.368707483,0.089610232
121,2001,Film,Exit Wounds,,TWX,1/29/2001,7/30/2001,#VALUE!,#VALUE!,#FIELD!,#FIELD!,#FIELD!,414.62,451.77,#VALUE!,#VALUE!,0.089610232
122,2001,Film,Hannibal,,N/A,1/29/2001,7/30/2001,#VALUE!,#VALUE!,#FIELD!,#FIELD!,#FIELD!,414.62,451.77,#VALUE!,#VALUE!,0.089610232
123,2001,Film,Swordfish,,TWX,1/29/2001,7/30/2001,#VALUE!,#VALUE!,#FIELD!,#FIELD!,#FIELD!,414.62,451.77,#VALUE!,#VALUE!,0.089610232
124,2001,Film,The Fast and the Furious,,CMCSA,1/29/2001,7/30/2001,$14.25 ,$12.26 ,"$169,754,635,440 ","4,168,827,000",2001,414.62,451.77,-0.229259355,-0.139649123,0.089610232
125,2001,Film,The Mummy Returns,,CMCSA,1/29/2001,7/30/2001,$14.25 ,$12.26 ,"$169,754,635,440 ","4,168,827,000",2001,414.62,451.77,-0.229259355,-0.139649123,0.089610232
133,2002,Film,Austin Powers in Goldmember,,N/A,2/4/2002,8/5/2002,#VALUE!,#VALUE!,#FIELD!,#FIELD!,#FIELD!,410.85,421.08,#VALUE!,#VALUE!,0.02490177
134,2002,Film,Blade II,,N/A,2/4/2002,8/5/2002,#VALUE!,#VALUE!,#FIELD!,#FIELD!,#FIELD!,410.85,421.08,#VALUE!,#VALUE!,0.02490177
135,2002,Film,Collateral Damage,,TWX,2/4/2002,8/5/2002,#VALUE!,#VALUE!,#FIELD!,#FIELD!,#FIELD!,410.85,421.08,#VALUE!,#VALUE!,0.02490177
136,2002,Film,Spider-Man,,SNE,2/4/2002,8/5/2002,$43.25 ,$42.01 ,"$115,531,900,000 ","1,261,082,000",1946,410.85,421.08,-0.05357229,-0.02867052,0.02490177
142,2003,Film,Anger Management,,SNE,1/27/2003,7/28/2003,$41.05 ,$32.21 ,"$115,531,900,000 ","1,261,082,000",1946,425.38,526.08,-0.452055878,-0.215347138,0.23670874
143,2003,Film,Bad Boys II,,SNE,1/27/2003,7/28/2003,$41.05 ,$32.21 ,"$115,531,900,000 ","1,261,082,000",1946,425.38,526.08,-0.452055878,-0.215347138,0.23670874
144,2003,Film,Bruce Almighty,,CMCSA,1/27/2003,7/28/2003,$8.61 ,$10.07 ,"$169,754,635,440 ","4,168,827,000",2001,425.38,526.08,-0.067969697,0.168739043,0.23670874
145,2003,Film,Charlie's Angels: Full Throttle,,SNE,1/27/2003,7/28/2003,$41.05 ,$32.21 ,"$115,531,900,000 ","1,261,082,000",1946,425.38,526.08,-0.452055878,-0.215347138,0.23670874
146,2003,Film,Daredevil,,FOX,1/27/2003,7/28/2003,#VALUE!,#VALUE!,"$17,242,850,000 ","537,136,200",2018,425.38,526.08,#VALUE!,#VALUE!,0.23670874
147,2003,Film,Gods and Generals,,TWX,1/27/2003,7/28/2003,#VALUE!,#VALUE!,#FIELD!,#FIELD!,#FIELD!,425.38,526.08,#VALUE!,#VALUE!,0.23670874
148,2003,Film,Hulk,,CMCSA,1/27/2003,7/28/2003,$8.61 ,$10.07 ,"$169,754,635,440 ","4,168,827,000",2001,425.38,526.08,-0.067969697,0.168739043,0.23670874
149,2003,Film,The Matrix Reloaded,,TWX,1/27/2003,7/28/2003,#VALUE!,#VALUE!,#FIELD!,#FIELD!,#FIELD!,425.38,526.08,#VALUE!,#VALUE!,0.23670874
150,2003,Film,Tears of the Sun,,SNE,1/27/2003,7/28/2003,$41.05 ,$32.21 ,"$115,531,900,000 ","1,261,082,000",1946,425.38,526.08,-0.452055878,-0.215347138,0.23670874
151,2003,Film,Terminator 3: Rise of the Machines,,TWX,1/27/2003,7/28/2003,#VALUE!,#VALUE!,#FIELD!,#FIELD!,#FIELD!,425.38,526.08,#VALUE!,#VALUE!,0.23670874
156,2004,Film,50 First Dates,,SNE,2/2/2004,8/2/2004,$40.50 ,$34.90 ,"$115,531,900,000 ","1,261,082,000",1946,577.23,588.54,-0.157861163,-0.138271605,0.019589558
157,2004,Film,Hidalgo,,DIS,2/2/2004,8/2/2004,$23.47 ,$22.78 ,"$183,393,154,730 ","1,826,807,000",2018,577.23,588.54,-0.048997562,-0.029408005,0.019589558
158,2004,Film,Starsky & Hutch,,TWX,2/2/2004,8/2/2004,#VALUE!,#VALUE!,#FIELD!,#FIELD!,#FIELD!,577.23,588.54,#VALUE!,#VALUE!,0.019589558
159,2004,Film,Secret Window,,SNE,2/2/2004,8/2/2004,$40.50 ,$34.90 ,"$115,531,900,000 ","1,261,082,000",1946,577.23,588.54,-0.157861163,-0.138271605,0.019589558
160,2004,Film,The Alamo,,DIS,2/2/2004,8/2/2004,$23.47 ,$22.78 ,"$183,393,154,730 ","1,826,807,000",2018,577.23,588.54,-0.048997562,-0.029408005,0.019589558
161,2004,Film,Troy,,TWX,2/2/2004,8/2/2004,#VALUE!,#VALUE!,#FIELD!,#FIELD!,#FIELD!,577.23,588.54,#VALUE!,#VALUE!,0.019589558
162,2004,Film,Van Helsing,,GE,2/2/2004,8/2/2004,$201.81 ,$199.59 ,"$110,649,225,600 ","1,088,960,000",1892,577.23,588.54,-0.030591632,-0.011002074,0.019589558
173,2005,Film,Batman Begins,,TWX,2/7/2005,8/8/2005,#VALUE!,#VALUE!,#FIELD!,#FIELD!,#FIELD!,751.15,824.39,#VALUE!,#VALUE!,0.097491034
174,2005,Film,Be Cool,,MGM,2/7/2005,8/8/2005,$39.61 ,$41.93 ,"$17,167,950,000 ","372,891,900",1986,751.15,824.39,-0.038786325,0.058704709,0.097491034
175,2005,Film,Constantine,,TWX,2/7/2005,8/8/2005,#VALUE!,#VALUE!,#FIELD!,#FIELD!,#FIELD!,751.15,824.39,#VALUE!,#VALUE!,0.097491034
176,2005,Film,Hitch,,SNE,2/7/2005,8/8/2005,#VALUE!,#VALUE!,#FIELD!,#FIELD!,#FIELD!,751.15,824.39,#VALUE!,#VALUE!,0.097491034
177,2005,Film,Robots,,FOXA,2/7/2005,8/8/2005,#VALUE!,#VALUE!,"$17,242,850,000 ","537,136,200",2018,751.15,824.39,#VALUE!,#VALUE!,0.097491034
178,2005,Film,Sahara,,VIA,2/7/2005,8/8/2005,#VALUE!,#VALUE!,#FIELD!,"403,407,500",2005,751.15,824.39,#VALUE!,#VALUE!,0.097491034
179,2005,Film,The Pacifier,,DIS,2/7/2005,8/8/2005,$29.46 ,$25.05 ,"$183,393,154,730 ","1,826,807,000",2018,751.15,824.39,-0.247087792,-0.149596758,0.097491034
180,2005,Film,War of the Worlds,,VIA,2/7/2005,8/8/2005,#VALUE!,#VALUE!,#FIELD!,"403,407,500",2005,751.15,824.39,#VALUE!,#VALUE!,0.097491034
183,2006,Film,16 Blocks,,TWX,2/6/2006,8/7/2006,#VALUE!,#VALUE!,#FIELD!,#FIELD!,#FIELD!,"1,047.85",952.54,#VALUE!,#VALUE!,-0.090955775
184,2006,Film,Cars,,DIS,2/6/2006,8/7/2006,$24.61 ,$28.98 ,"$183,393,154,730 ","1,826,807,000",2018,"1,047.85",952.54,0.268439095,0.17748332,-0.090955775
185,2006,Film,Mission: Impossible III,,VIA,2/6/2006,8/7/2006,#VALUE!,#VALUE!,#FIELD!,"403,407,500",2005,"1,047.85",952.54,#VALUE!,#VALUE!,-0.090955775
186,2006,Film,Pirates of the Caribbean: Dead Man's Chest,,DIS,2/6/2006,8/7/2006,$24.61 ,$28.98 ,"$183,393,154,730 ","1,826,807,000",2018,"1,047.85",952.54,0.268439095,0.17748332,-0.090955775
187,2006,Film,Poseidon,,TWX,2/6/2006,8/7/2006,#VALUE!,#VALUE!,#FIELD!,#FIELD!,#FIELD!,"1,047.85",952.54,#VALUE!,#VALUE!,-0.090955775
188,2006,Film,Running Scared,,TWX,2/6/2006,8/7/2006,#VALUE!,#VALUE!,#FIELD!,#FIELD!,#FIELD!,"1,047.85",952.54,#VALUE!,#VALUE!,-0.090955775
189,2006,Film,The Shaggy Dog,,DIS,2/6/2006,8/7/2006,$24.61 ,$28.98 ,"$183,393,154,730 ","1,826,807,000",2018,"1,047.85",952.54,0.268439095,0.17748332,-0.090955775
190,2006,Film,V for Vendetta,,TWX,2/6/2006,8/7/2006,#VALUE!,#VALUE!,#FIELD!,#FIELD!,#FIELD!,"1,047.85",952.54,#VALUE!,#VALUE!,-0.090955775
194,2008,Film,Iron Man,,VIA,2/4/2008,8/4/2008,#VALUE!,#VALUE!,#FIELD!,"403,407,500",2005,"1,009.62","1,065.62",#VALUE!,#VALUE!,0.055466644
195,2008,Film,Jumper,,NWSA,2/4/2008,8/4/2008,#VALUE!,#VALUE!,"$10,029,180,000 ","575,605,300",2012,"1,009.62","1,065.62",#VALUE!,#VALUE!,0.055466644
196,2008,Film,The Chronicles of Narnia: Prince Caspian,,DIS,2/4/2008,8/4/2008,$30.90 ,$30.37 ,"$183,393,154,730 ","1,826,807,000",2018,"1,009.62","1,065.62",-0.072618747,-0.017152104,0.055466644
197,2008,Film,Wanted,,GE,2/4/2008,8/4/2008,$212.25 ,$169.04 ,"$110,649,225,600 ","1,088,960,000",1892,"1,009.62","1,065.62",-0.259029161,-0.203562517,0.055466644
198,2008,Film,You Don't Mess with the Zohan,,SNE,2/4/2008,8/4/2008,$44.56 ,$37.02 ,"$115,531,900,000 ","1,261,082,000",1946,"1,009.62","1,065.62",-0.224676698,-0.169210054,0.055466644
210,2009,Film,G.I. Joe: The Rise of Cobra,,VIA,2/2/2009,8/3/2009,#VALUE!,#VALUE!,#FIELD!,"403,407,500",2005,892.77,996.15,#VALUE!,#VALUE!,0.115802218
211,2009,Film,Land of the Lost,,GE,2/2/2009,8/3/2009,$69.73 ,$82.33 ,"$110,649,225,600 ","1,088,960,000",1892,892.77,996.15,0.064920431,0.18072265,0.115802218
212,2009,Film,Monsters vs. Aliens,,DWA,2/2/2009,8/3/2009,$20.20 ,$25.52 ,"$183,393,154,730 ","1,826,807,000",2018,892.77,996.15,0.147564118,0.263366337,0.115802218
213,2009,Film,Star Trek,,VIA,2/2/2009,8/3/2009,#VALUE!,#VALUE!,#FIELD!,"403,407,500",2005,892.77,996.15,#VALUE!,#VALUE!,0.115802218
214,2009,Film,Transformers: Revenge of the Fallen,,VIA,2/2/2009,8/3/2009,#VALUE!,#VALUE!,#FIELD!,"403,407,500",2005,892.77,996.15,#VALUE!,#VALUE!,0.115802218
215,2009,Film,Year One,,SNE,2/2/2009,8/3/2009,$19.46 ,$28.62 ,"$115,531,900,000 ","1,261,082,000",1946,892.77,996.15,0.354906929,0.470709147,0.115802218
235,2010,Film,The Back-Up Plan,,SNE,2/8/2010,8/9/2010,$33.01 ,$31.70 ,"$115,531,900,000 ","1,261,082,000",1946,"1,339.69","1,678.92",-0.292900364,-0.039684944,0.25321542
236,2010,Film,Iron Man 2,,VIA,2/8/2010,8/9/2010,#VALUE!,#VALUE!,#FIELD!,"403,407,500",2005,"1,339.69","1,678.92",#VALUE!,#VALUE!,0.25321542
237,2010,Film,The Last Airbender,,VIA,2/8/2010,8/9/2010,#VALUE!,#VALUE!,#FIELD!,"403,407,500",2005,"1,339.69","1,678.92",#VALUE!,#VALUE!,0.25321542
238,2010,Film,Prince of Persia: The Sands of Time,,DIS,2/8/2010,8/9/2010,$29.48 ,$35.16 ,"$183,393,154,730 ","1,826,807,000",2018,"1,339.69","1,678.92",-0.060542421,0.192672999,0.25321542
239,2010,Film,Robin Hood,,CMCSA,2/8/2010,8/9/2010,$7.61 ,$9.37 ,"$169,754,635,440 ","4,168,827,000",2001,"1,339.69","1,678.92",-0.021788727,0.231426693,0.25321542
240,2010,Film,Shutter Island,,VIA,2/8/2010,8/9/2010,#VALUE!,#VALUE!,#FIELD!,"403,407,500",2005,"1,339.69","1,678.92",#VALUE!,#VALUE!,0.25321542
241,2010,Film,The Wolfman,,CMCSA,2/8/2010,8/9/2010,$7.61 ,$9.37 ,"$169,754,635,440 ","4,168,827,000",2001,"1,339.69","1,678.92",-0.021788727,0.231426693,0.25321542
269,2011,Film,Captain America: The First Avenger,,VIA,2/7/2011,8/8/2011,#VALUE!,#VALUE!,"$73,084,010 ","7,186,230",2014,"2,019.23","1,775.85",#VALUE!,#VALUE!,-0.120533326
270,2011,Film,Cowboys & Aliens,,CMCSA,2/7/2011,8/8/2011,$11.77 ,$10.22 ,"$169,754,635,440 ","4,168,827,000",2001,"2,019.23","1,775.85",-0.011582222,-0.132115548,-0.120533326
271,2011,Film,Pirates of the Caribbean: On Stranger Tides,,DIS,2/7/2011,8/8/2011,$40.94 ,$33.03 ,"$183,393,154,730 ","1,826,807,000",2018,"2,019.23","1,775.85",-0.072676249,-0.193209575,-0.120533326
272,2011,Film,Thor,,VIA,2/7/2011,8/8/2011,#VALUE!,#VALUE!,"$73,084,010 ","7,186,230",2014,"2,019.23","1,775.85",#VALUE!,#VALUE!,-0.120533326
273,2011,Film,Transformers: Dark of the Moon,,VIA,2/7/2011,8/8/2011,#VALUE!,#VALUE!,"$73,084,010 ","7,186,230",2014,"2,019.23","1,775.85",#VALUE!,#VALUE!,-0.120533326
286,2012,Film,Act of Valor,,N/A,2/6/2012,8/6/2012,#VALUE!,#VALUE!,#FIELD!,#FIELD!,#FIELD!,"2,249.69","2,156.00",#VALUE!,#VALUE!,-0.041646701
287,2012,Film,The Avengers,,DIS,2/6/2012,8/6/2012,$40.46 ,$49.65 ,"$183,393,154,730 ","1,826,807,000",2018,"2,249.69","2,156.00",0.268784615,0.227137914,-0.041646701
288,2012,Film,Battleship,,CMCSA,2/6/2012,8/6/2012,$13.55 ,$17.47 ,"$169,754,635,440 ","4,168,827,000",2001,"2,249.69","2,156.00",0.331421526,0.289774825,-0.041646701
289,2012,Film,John Carter,,DIS,2/6/2012,8/6/2012,$40.46 ,$49.65 ,"$183,393,154,730 ","1,826,807,000",2018,"2,249.69","2,156.00",0.268784615,0.227137914,-0.041646701
290,2012,Film,The Lorax,,CMCSA,2/6/2012,8/6/2012,$13.55 ,$17.47 ,"$169,754,635,440 ","4,168,827,000",2001,"2,249.69","2,156.00",0.331421526,0.289774825,-0.041646701
295,2013,Film,Fast and Furious 6,,CMCSA,2/4/2013,8/5/2013,$19.10 ,$22.82 ,"$169,754,635,440 ","4,168,827,000",2001,"2,476.92","3,021.93",-0.025216255,0.194815397,0.220031651
296,2013,Film,Iron Man 3,,DIS,2/4/2013,8/5/2013,$53.90 ,$66.02 ,"$183,393,154,730 ","1,826,807,000",2018,"2,476.92","3,021.93",0.004829202,0.224860853,0.220031651
297,2013,Film,Oz the Great and Powerful,,DIS,2/4/2013,8/5/2013,$53.90 ,$66.02 ,"$183,393,154,730 ","1,826,807,000",2018,"2,476.92","3,021.93",0.004829202,0.224860853,0.220031651
298,2013,Film,Star Trek Into Darkness,,VIA,2/4/2013,8/5/2013,#VALUE!,#VALUE!,"$73,084,010 ","7,186,230",2014,"2,476.92","3,021.93",#VALUE!,#VALUE!,0.220031651
329,2015,Film,Avengers: Age of Ultron ,,DIS,2/2/2015,8/3/2015,$91.93 ,$121.12 ,"$183,393,154,730 ","1,826,807,000",2018,"3,181.63","3,372.00",0.257689926,0.317524203,0.059834277
330,2015,Film,The Divergent Series: Insurgent ,,LGF.A,2/2/2015,8/3/2015,$28.29 ,$38.91 ,"$2,532,030,000 ","228,957,600",2007,"3,181.63","3,372.00",0.31556339,0.375397667,0.059834277
331,2015,Film,Fifty Shades of Grey ,,CMCSA,2/2/2015,8/3/2015,$26.91 ,$31.61 ,"$169,754,635,440 ","4,168,827,000",2001,"3,181.63","3,372.00",0.114854443,0.17468872,0.059834277
332,2015,Film,Furious 7 ,,CMCSA,2/2/2015,8/3/2015,$26.91 ,$31.61 ,"$169,754,635,440 ","4,168,827,000",2001,"3,181.63","3,372.00",0.114854443,0.17468872,0.059834277
333,2015,Film,Jurassic World ,,CMCSA,2/2/2015,8/3/2015,$26.91 ,$31.61 ,"$169,754,635,440 ","4,168,827,000",2001,"3,181.63","3,372.00",0.114854443,0.17468872,0.059834277
334,2015,Film,Minions ,,CMCSA,2/2/2015,8/3/2015,$26.91 ,$31.61 ,"$169,754,635,440 ","4,168,827,000",2001,"3,181.63","3,372.00",0.114854443,0.17468872,0.059834277
335,2015,Film,Pitch Perfect 2 ,,CMCSA,2/2/2015,8/3/2015,$26.91 ,$31.61 ,"$169,754,635,440 ","4,168,827,000",2001,"3,181.63","3,372.00",0.114854443,0.17468872,0.059834277
336,2015,Film,Ted 2 ,,CMCSA,2/2/2015,8/3/2015,$26.91 ,$31.61 ,"$169,754,635,440 ","4,168,827,000",2001,"3,181.63","3,372.00",0.114854443,0.17468872,0.059834277
337,2015,Film,Terminator Genisys ,,VIAC,2/2/2015,8/3/2015,#VALUE!,#VALUE!,#FIELD!,"403,407,500",2005,"3,181.63","3,372.00",#VALUE!,#VALUE!,0.059834277
338,2015,Film,Tomorrowland ,,DIS,2/2/2015,8/3/2015,$91.93 ,$121.12 ,"$183,393,154,730 ","1,826,807,000",2018,"3,181.63","3,372.00",0.257689926,0.317524203,0.059834277
376,2016,Film,10 Cloverfield Lane ,,VIAC,2/8/2016,8/8/2016,#VALUE!,#VALUE!,#FIELD!,"403,407,500",2005,"2,757.00","4,102.00",#VALUE!,#VALUE!,0.487849111
377,2016,Film,Deadpool ,,FOX,2/8/2016,8/8/2016,#VALUE!,#VALUE!,"$17,242,850,000 ","537,136,200",2018,"2,757.00","4,102.00",#VALUE!,#VALUE!,0.487849111
378,2016,Film,Captain America: Civil War ,,DIS,2/8/2016,8/8/2016,$92.12 ,$95.75 ,"$183,393,154,730 ","1,826,807,000",2018,"2,757.00","4,102.00",-0.448443988,0.039405124,0.487849111
379,2016,Film,Independence Day: Resurgence ,,FOX,2/8/2016,8/8/2016,#VALUE!,#VALUE!,"$17,242,850,000 ","537,136,200",2018,"2,757.00","4,102.00",#VALUE!,#VALUE!,0.487849111
380,2016,Film,Jason Bourne ,,CMCSA,2/8/2016,8/8/2016,$29.70 ,$33.54 ,"$169,754,635,440 ","4,168,827,000",2001,"2,757.00","4,102.00",-0.358724532,0.129124579,0.487849111
381,2016,Film,The Jungle Book ,,DIS,2/8/2016,8/8/2016,$92.12 ,$95.75 ,"$183,393,154,730 ","1,826,807,000",2018,"2,757.00","4,102.00",-0.448443988,0.039405124,0.487849111
382,2016,Film,The Secret Life of Pets ,,CMCSA,2/8/2016,8/8/2016,$29.70 ,$33.54 ,"$169,754,635,440 ","4,168,827,000",2001,"2,757.00","4,102.00",-0.358724532,0.129124579,0.487849111
383,2016,Film,Teenage Mutant Ninja Turtles: Out of the Shadows ,,VIAC,2/8/2016,8/8/2016,#VALUE!,#VALUE!,#FIELD!,"403,407,500",2005,"2,757.00","4,102.00",#VALUE!,#VALUE!,0.487849111
384,2016,Film,X-Men: Apocalypse ,,FOX,2/8/2016,8/8/2016,#VALUE!,#VALUE!,"$17,242,850,000 ","537,136,200",2018,"2,757.00","4,102.00",#VALUE!,#VALUE!,0.487849111
404,2017,Film,Baywatch N/A,,VIAC,2/6/2017,8/7/2017,#VALUE!,#VALUE!,#FIELD!,"403,407,500",2005,"4,448.00","5,635.00",#VALUE!,#VALUE!,0.266861511
405,2017,Film,The Fate of the Furious N/A,,CMCSA,2/6/2017,8/7/2017,$37.27 ,$39.61 ,"$169,754,635,440 ","4,168,827,000",2001,"4,448.00","5,635.00",-0.204076429,0.062785082,0.266861511
406,2017,Film,Ghost in the Shell N/A,,VIAC,2/6/2017,8/7/2017,#VALUE!,#VALUE!,#FIELD!,"403,407,500",2005,"4,448.00","5,635.00",#VALUE!,#VALUE!,0.266861511
407,2017,Film,Guardians of the Galaxy Vol. 2 N/A,,DIS,2/6/2017,8/7/2017,$109.57 ,$106.35 ,"$183,393,154,730 ","1,826,807,000",2018,"4,448.00","5,635.00",-0.296249117,-0.029387606,0.266861511
408,2017,Film,Logan ,,FOX,2/6/2017,8/7/2017,#VALUE!,#VALUE!,"$17,242,850,000 ","537,136,200",2018,"4,448.00","5,635.00",#VALUE!,#VALUE!,0.266861511
409,2017,Film,Pirates of the Caribbean: Dead Men Tell No Tales N/A,,DIS,2/6/2017,8/7/2017,$109.57 ,$106.35 ,"$183,393,154,730 ","1,826,807,000",2018,"4,448.00","5,635.00",-0.296249117,-0.029387606,0.266861511
450,2018,Film,Avengers: Infinity War N/A,,DIS,2/5/2018,8/6/2018,$104.70 ,$115.94 ,"$183,393,154,730 ","1,826,807,000",2018,"5,595.00","6,855.00",-0.117846727,0.107354346,0.225201072
451,2018,Film,The Cloverfield Paradox (Netflix) N/A,,N/A,2/5/2018,8/6/2018,#VALUE!,#VALUE!,#FIELD!,#FIELD!,#FIELD!,"5,595.00","6,855.00",#VALUE!,#VALUE!,0.225201072
452,2018,Film,Mission: Impossible – Fallout N/A,,VIAC,2/5/2018,8/6/2018,#VALUE!,#VALUE!,#FIELD!,"403,407,500",2005,"5,595.00","6,855.00",#VALUE!,#VALUE!,0.225201072
453,2018,Film,A Quiet Place ,,VIAC,2/5/2018,8/6/2018,#VALUE!,#VALUE!,#FIELD!,"403,407,500",2005,"5,595.00","6,855.00",#VALUE!,#VALUE!,0.225201072
454,2018,Film,Skyscraper N/A,,CMCSA,2/5/2018,8/6/2018,$39.20 ,$35.32 ,"$169,754,635,440 ","4,168,827,000",2001,"5,595.00","6,855.00",-0.324180664,-0.098979592,0.225201072
455,2018,Film,Solo: A Star Wars Story N/A,,DIS,2/5/2018,8/6/2018,$104.70 ,$115.94 ,"$183,393,154,730 ","1,826,807,000",2018,"5,595.00","6,855.00",-0.117846727,0.107354346,0.225201072
522,2019,Film,Alita: Battle Angel N/A,,DIS,2/4/2019,8/5/2019,$111.80 ,$138.30 ,"$183,393,154,730 ","1,826,807,000",2018,"6,510.00","8,500.00",-0.068653152,0.237030411,0.305683564
523,2019,Film,Avengers: Endgame N/A,,DIS,2/4/2019,8/5/2019,$111.80 ,$138.30 ,"$183,393,154,730 ","1,826,807,000",2018,"6,510.00","8,500.00",-0.068653152,0.237030411,0.305683564
524,2019,Film,Captain Marvel N/A,,DIS,2/4/2019,8/5/2019,$111.80 ,$138.30 ,"$183,393,154,730 ","1,826,807,000",2018,"6,510.00","8,500.00",-0.068653152,0.237030411,0.305683564
525,2019,Film,Hobbs & Shaw N/A,,CMCSA,2/4/2019,8/5/2019,$36.77 ,$41.61 ,"$169,754,635,440 ","4,168,827,000",2001,"6,510.00","8,500.00",-0.174054518,0.131629045,0.305683564
526,2019,Film,Scary Stories to Tell in the Dark N/A,,LGF.A,2/4/2019,8/5/2019,$17.18 ,$12.62 ,"$2,532,030,000 ","228,957,600",2007,"6,510.00","8,500.00",-0.571108476,-0.265424913,0.305683564
527,2019,Film,Toy Story 4 N/A,,DIS,2/4/2019,8/5/2019,$111.80 ,$138.30 ,"$183,393,154,730 ","1,826,807,000",2018,"6,510.00","8,500.00",-0.068653152,0.237030411,0.305683564
528,2019,Film,Us N/A,,CMCSA,2/4/2019,8/5/2019,$36.77 ,$41.61 ,"$169,754,635,440 ","4,168,827,000",2001,"6,510.00","8,500.00",-0.174054518,0.131629045,0.305683564
529,2019,Film,Wonder Park N/A,,VIAC,2/4/2019,8/5/2019,#VALUE!,#VALUE!,#FIELD!,"403,407,500",2005,"6,510.00","8,500.00",#VALUE!,#VALUE!,0.305683564
555,2020,Film,F9  Trailer,,CMCSA,2/3/2020,8/3/2020,$42.66 ,$42.88 ,"$169,754,635,440 ","4,168,827,000",2001,"9,005.00","10,455.00",-0.155864599,0.005157056,0.161021655
556,2020,Film,The Invisible Man  Trailer,,CMCSA,2/3/2020,8/3/2020,$42.66 ,$42.88 ,"$169,754,635,440 ","4,168,827,000",2001,"9,005.00","10,455.00",-0.155864599,0.005157056,0.161021655
557,2020,Film,Mulan  Trailer,,DIS,2/3/2020,8/3/2020,$141.32 ,$116.35 ,"$183,393,154,730 ","1,826,807,000",2018,"9,005.00","10,455.00",-0.337712852,-0.176691197,0.161021655
95,2000,TV,Oxygen,Baby Girl Power,OXYGN,1/31/2000,7/31/2000,#VALUE!,#VALUE!,#FIELD!,#FIELD!,#FIELD!,429.15,358.62,#VALUE!,#VALUE!,-0.164366405
252,2010,TV,Late Show with David Letterman,,CBS,2/8/2010,8/9/2010, R$ 1.01 , R$ 1.06 ,#FIELD!,#FIELD!,#FIELD!,"1,339.69","1,678.92",-0.208133858,0.045081562,0.25321542
253,2010,TV,NFL Full Contact,,NFLX,2/8/2010,8/9/2010,$8.70 ,$16.70 ,"$141,804,165,489 ","444,541,100",1997,"1,339.69","1,678.92",0.66632481,0.91954023,0.25321542
413,2017,TV,24: Legacy (Fox) N/A,,FOXA,2/6/2017,8/7/2017,#VALUE!,#VALUE!,"$17,242,850,000 ","537,136,200",2018,"4,448.00","5,635.00",#VALUE!,#VALUE!,0.266861511
414,2017,TV,Empire (Fox) N/A,,FOXA,2/6/2017,8/7/2017,#VALUE!,#VALUE!,"$17,242,850,000 ","537,136,200",2018,"4,448.00","5,635.00",#VALUE!,#VALUE!,0.266861511
415,2017,TV,Genius (National Geographic) N/A,,DIS,2/6/2017,8/7/2017,$109.57 ,$106.35 ,"$183,393,154,730 ","1,826,807,000",2018,"4,448.00","5,635.00",-0.296249117,-0.029387606,0.266861511
416,2017,TV,Shots Fired (Fox) N/A,,NFLX,2/6/2017,8/7/2017,$140.97 ,$181.33 ,"$141,804,165,489 ","444,541,100",1997,"4,448.00","5,635.00",0.019440539,0.28630205,0.266861511
417,2017,TV,Stranger Things (Netflix) N/A,,NFLX,2/6/2017,8/7/2017,$140.97 ,$181.33 ,"$141,804,165,489 ","444,541,100",1997,"4,448.00","5,635.00",0.019440539,0.28630205,0.266861511
418,2017,TV,The Handmaid's Tale (Hulu) ,,DIS,2/6/2017,8/7/2017,$109.57 ,$106.35 ,"$183,393,154,730 ","1,826,807,000",2018,"4,448.00","5,635.00",-0.296249117,-0.029387606,0.266861511
484,2018,TV,Castle Rock (Hulu) N/A,,DIS,2/5/2018,8/6/2018,$104.70 ,$115.94 ,"$183,393,154,730 ","1,826,807,000",2018,"5,595.00","6,855.00",-0.117846727,0.107354346,0.225201072
485,2018,TV,Good Girls (NBC) N/A,,CMCSA,2/5/2018,8/6/2018,$39.20 ,$35.32 ,"$169,754,635,440 ","4,168,827,000",2001,"5,595.00","6,855.00",-0.324180664,-0.098979592,0.225201072
486,2018,TV,Rise (NBC) N/A,,CMCSA,2/5/2018,8/6/2018,$39.20 ,$35.32 ,"$169,754,635,440 ","4,168,827,000",2001,"5,595.00","6,855.00",-0.324180664,-0.098979592,0.225201072
487,2018,TV,This Is Us (NBC) N/A,,CMCSA,2/5/2018,8/6/2018,$39.20 ,$35.32 ,"$169,754,635,440 ","4,168,827,000",2001,"5,595.00","6,855.00",-0.324180664,-0.098979592,0.225201072
488,2018,TV,Today (NBC) N/A,,CMCSA,2/5/2018,8/6/2018,$39.20 ,$35.32 ,"$169,754,635,440 ","4,168,827,000",2001,"5,595.00","6,855.00",-0.324180664,-0.098979592,0.225201072
489,2018,TV,Tom Clancy's Jack Ryan (Amazon Prime) N/A,,AMZN,2/5/2018,8/6/2018,$69.50 ,$92.39 ,"$1,061,639,440,535 ","10,260,350,000",1996,"5,595.00","6,855.00",0.104115474,0.329316547,0.225201072
490,2018,TV,Unsolved: The Murders of Tupac & the Notorious B.I.G. (USA Network) N/A,,NFLX,2/5/2018,8/6/2018,$254.26 ,$350.92 ,"$141,804,165,489 ","444,541,100",1997,"5,595.00","6,855.00",0.154960966,0.380162039,0.225201072
491,2018,TV,The Voice  (NBC) ,,CMCSA,2/5/2018,8/6/2018,$39.20 ,$35.32 ,"$169,754,635,440 ","4,168,827,000",2001,"5,595.00","6,855.00",-0.324180664,-0.098979592,0.225201072
492,2018,TV,Westworld season 2 (HBO) N/A,,T,2/5/2018,8/6/2018,$27.66 ,$24.25 ,"$121,997,685,000 ","7,149,000,000",1983,"5,595.00","6,855.00",-0.348596898,-0.123395825,0.225201072
493,2018,TV,Jesus Christ Superstar Live in Concert (NBC) N/A,,CMCSA,2/5/2018,8/6/2018,$39.20 ,$35.32 ,"$169,754,635,440 ","4,168,827,000",2001,"5,595.00","6,855.00",-0.324180664,-0.098979592,0.225201072
537,2019,TV,The Handmaid's Tale season 3 (Hulu) N/A,,DIS,2/4/2019,8/5/2019,$111.80 ,$138.30 ,"$183,393,154,730 ","1,826,807,000",2018,"6,510.00","8,500.00",-0.068653152,0.237030411,0.305683564
538,2019,TV,Hanna (Amazon Video) N/A,,AMZN,2/4/2019,8/5/2019,$81.67 ,$88.26 ,"$1,061,639,440,535 ","10,260,350,000",1996,"6,510.00","8,500.00",-0.224976288,0.080707275,0.305683564
539,2019,TV,The Late Show with Stephen Colbert (CBS) N/A,,VIAC,2/4/2019,8/5/2019,#VALUE!,#VALUE!,#FIELD!,"403,407,500",2005,"6,510.00","8,500.00",#VALUE!,#VALUE!,0.305683564
540,2019,TV,The Twilight Zone (CBS All Access) N/A,,VIAC,2/4/2019,8/5/2019,#VALUE!,#VALUE!,#FIELD!,"403,407,500",2005,"6,510.00","8,500.00",#VALUE!,#VALUE!,0.305683564
0,1969,Car,Chrysler ,Scuba Diver,FCAU,1/13/1969,7/14/1969,#VALUE!,#VALUE!,"$48,201,810,000 ","3,213,454,000",2014,#VALUE!,#VALUE!,#VALUE!,#VALUE!,#VALUE!
1,1970,Car,Pontiac,Humbler,GM,1/12/1970,7/13/1970,#VALUE!,#VALUE!,"$45,728,128,980 ","1,390,124,000",2009,#VALUE!,#VALUE!,#VALUE!,#VALUE!,#VALUE!
14,1990,Car,Nissan,Turbocharged Dream,NSANY,1/29/1990,7/30/1990,$18.88 ,$13.88 ,"$15,581,460,000 ","2,110,358,000",1933,#VALUE!,264.92,#VALUE!,-0.264900662,#VALUE!
21,1993,Car,Subaru Impreza,Teaser,FUJHY,2/1/1993,8/2/1993,#VALUE!,#VALUE!,"$1,709,493,000,000 ","769,175,800",1945,355.38,371.54,#VALUE!,#VALUE!,0.045454392
22,1993,Car,Honda Prelude,Slingshot,HMC,2/1/1993,8/2/1993,$5.34 ,$6.47 ,"$48,130,190,000 ","1,811,428,000",1948,355.38,371.54,0.165069954,0.210524346,0.045454392
23,1994,Car,Jeep,,FCAU,1/31/1994,8/1/1994,#VALUE!,#VALUE!,"$48,201,810,000 ","3,213,454,000",2014,435.08,444.77,#VALUE!,#VALUE!,0.022277201
25,1994,Car,Jeep Grand Cherokee,,FCAU,1/31/1994,8/1/1994,#VALUE!,#VALUE!,"$48,201,810,000 ","3,213,454,000",2014,435.08,444.77,#VALUE!,#VALUE!,0.022277201
29,1997,Car,Nissan,Pigeons,NSANY,1/27/1997,7/28/1997,$12.00 ,$14.75 ,"$15,581,460,000 ","2,110,358,000",1933,766.23,655.85,0.373228556,0.229166667,-0.144061889
40,1998,Car,Pontiac,ACME Pontiac,GM,1/26/1998,7/27/1998,#VALUE!,#VALUE!,"$45,728,128,980 ","1,390,124,000",2009,586.92,533.08,#VALUE!,#VALUE!,-0.091743163
154,2004,Car,Ford,The One,F,2/2/2004,8/2/2004,$13.79 ,$14.88 ,"$47,139,528,600 ","3,999,960,000",1919,577.23,588.54,0.059269101,0.078858659,0.019589558
171,2005,Car,Ford,Gang,F,2/7/2005,8/8/2005,$13.27 ,$10.25 ,"$47,139,528,600 ","3,999,960,000",1919,751.15,824.39,-0.324759651,-0.227268617,0.097491034
193,2008,Car,Audi,The Godfather,VWAGY,2/4/2008,8/4/2008,#VALUE!,#VALUE!,"$77,200,910,000 ","2,506,476,000",1961,"1,009.62","1,065.62",#VALUE!,#VALUE!,0.055466644
208,2009,Car,Audi,The Chase,VWAGY,2/2/2009,8/3/2009,#VALUE!,#VALUE!,"$77,200,910,000 ","2,506,476,000",1961,892.77,996.15,#VALUE!,#VALUE!,0.115802218
209,2009,Car,Hyundai Motor Company,Epic Lap,HYMTF,2/2/2009,8/3/2009,#VALUE!,$14.95 ,"$48,583,520,000,000 ","274,169,700",1967,892.77,996.15,#VALUE!,#VALUE!,0.115802218
230,2010,Car,Dodge Charger,Woman Are Shrill,FCAU,2/8/2010,8/9/2010,#VALUE!,$3.71 ,"$48,201,810,000 ","3,213,454,000",2014,"1,339.69","1,678.92",#VALUE!,#VALUE!,0.25321542
231,2010,Car,Hyundai,Creation,HYMTF,2/8/2010,8/9/2010,#VALUE!,#VALUE!,"$48,583,520,000,000 ","274,169,700",1967,"1,339.69","1,678.92",#VALUE!,#VALUE!,0.25321542
232,2010,Car,Hyundai,2020,HYMTF,2/8/2010,8/9/2010,#VALUE!,#VALUE!,"$48,583,520,000,000 ","274,169,700",1967,"1,339.69","1,678.92",#VALUE!,#VALUE!,0.25321542
233,2010,Car,Kia Motors,How You Like Me Now,HYMTF,2/8/2010,8/9/2010,#VALUE!,#VALUE!,"$48,583,520,000,000 ","274,169,700",1967,"1,339.69","1,678.92",#VALUE!,#VALUE!,0.25321542
234,2010,Car,Volkswagen,Punch Dub Days,VWAGY,2/8/2010,8/9/2010,#VALUE!,#VALUE!,"$77,200,910,000 ","2,506,476,000",1961,"1,339.69","1,678.92",#VALUE!,#VALUE!,0.25321542
262,2011,Car,Audi,Old Luxury,VWAGY,2/7/2011,8/8/2011,#VALUE!,#VALUE!,"$77,200,910,000 ","2,506,476,000",1961,"2,019.23","1,775.85",#VALUE!,#VALUE!,-0.120533326
263,2011,Car,Chevrolet,Elderly Home,GM,2/7/2011,8/8/2011,$36.70 ,$24.57 ,"$45,728,128,980 ","1,390,124,000",2009,"2,019.23","1,775.85",-0.209984386,-0.330517711,-0.120533326
264,2011,Car,Chevrolet,Miss Evelyn,GM,2/7/2011,8/8/2011,$36.70 ,$24.57 ,"$45,728,128,980 ","1,390,124,000",2009,"2,019.23","1,775.85",-0.209984386,-0.330517711,-0.120533326
265,2011,Car,Chrysler 200,Born of Fire,FCAU,2/7/2011,8/8/2011,#VALUE!,$4.73 ,"$48,201,810,000 ","3,213,454,000",2014,"2,019.23","1,775.85",#VALUE!,#VALUE!,-0.120533326
266,2011,Car,Ford,Race,F,2/7/2011,8/8/2011,$15.93 ,$9.82 ,"$47,139,528,600 ","3,999,960,000",1919,"2,019.23","1,775.85",-0.263077677,-0.383611003,-0.120533326
267,2011,Car,Volkswagen,Black Beetle,VWAGY,2/7/2011,8/8/2011,#VALUE!,#VALUE!,"$77,200,910,000 ","2,506,476,000",1961,"2,019.23","1,775.85",#VALUE!,#VALUE!,-0.120533326
268,2011,Car,Volkswagen,The Force,VWAGY,2/7/2011,8/8/2011,#VALUE!,#VALUE!,"$77,200,910,000 ","2,506,476,000",1961,"2,019.23","1,775.85",#VALUE!,#VALUE!,-0.120533326
282,2012,Car,Audi,Vampire Party,VWAGY,2/6/2012,8/6/2012,#VALUE!,#VALUE!,"$77,200,910,000 ","2,506,476,000",1961,"2,249.69","2,156.00",#VALUE!,#VALUE!,-0.041646701
283,2012,Car,Chrysler,Halftime in America,FCAU,2/6/2012,8/6/2012,$3.91 ,#VALUE!,"$48,201,810,000 ","3,213,454,000",2014,"2,249.69","2,156.00",#VALUE!,#VALUE!,-0.041646701
284,2012,Car,Fiat,Seduction,FCAU,2/6/2012,8/6/2012,$3.91 ,#VALUE!,"$48,201,810,000 ","3,213,454,000",2014,"2,249.69","2,156.00",#VALUE!,#VALUE!,-0.041646701
285,2012,Car,Hyundai,Cheetah,HYMTF,2/6/2012,8/6/2012,$28.75 ,#VALUE!,"$48,583,520,000,000 ","274,169,700",1967,"2,249.69","2,156.00",#VALUE!,#VALUE!,-0.041646701
293,2013,Car,Audi,Prom,VWAGY,2/4/2013,8/5/2013,#VALUE!,#VALUE!,"$77,200,910,000 ","2,506,476,000",1961,"2,476.92","3,021.93",#VALUE!,#VALUE!,0.220031651
294,2013,Car,Dodge Ram,So God Made a Farmer,FCAU,2/4/2013,8/5/2013,$3.74 ,$5.22 ,"$48,201,810,000 ","3,213,454,000",2014,"2,476.92","3,021.93",0.17821786,0.398249512,0.220031651
302,2014,Car,Audi,,VWAGY,2/3/2014,8/4/2014,#VALUE!,#VALUE!,"$77,200,910,000 ","2,506,476,000",1961,"2,973.19","2,749.19",#VALUE!,#VALUE!,-0.075340079
303,2014,Car,Kia K900,,HYMTF,2/3/2014,8/4/2014,$55.95 ,$77.00 ,"$48,583,520,000,000 ","274,169,700",1967,"2,973.19","2,749.19",0.451568855,0.376228776,-0.075340079
304,2014,Car,Volkswagen,,VWAGY,2/3/2014,8/4/2014,#VALUE!,#VALUE!,"$77,200,910,000 ","2,506,476,000",1961,"2,973.19","2,749.19",#VALUE!,#VALUE!,-0.075340079
315,2015,Car,BMW ,,BMWYY,2/2/2015,8/3/2015,$39.53 ,$33.47 ,"$66,922,660,000 ","662,839,500",1995,"3,181.63","3,372.00",-0.213135567,-0.15330129,0.059834277
316,2015,Car,Chevrolet ,,GM,2/2/2015,8/3/2015,$33.11 ,$31.68 ,"$45,728,128,980 ","1,390,124,000",2009,"3,181.63","3,372.00",-0.103023646,-0.043189369,0.059834277
317,2015,Car,Dodge ,,FCAU,2/2/2015,8/3/2015,$8.77 ,$10.49 ,"$48,201,810,000 ","3,213,454,000",2014,"3,181.63","3,372.00",0.135715047,0.195549323,0.059834277
318,2015,Car,Fiat ,,FCAU,2/2/2015,8/3/2015,$8.77 ,$10.49 ,"$48,201,810,000 ","3,213,454,000",2014,"3,181.63","3,372.00",0.135715047,0.195549323,0.059834277
319,2015,Car,Jeep ,,FCAU,2/2/2015,8/3/2015,$8.77 ,$10.49 ,"$48,201,810,000 ","3,213,454,000",2014,"3,181.63","3,372.00",0.135715047,0.195549323,0.059834277
320,2015,Car,Lexus ,,TM,2/2/2015,8/3/2015,$13.09 ,#VALUE!,"$30,574,290,000,000 ","16,314,990,000",1937,"3,181.63","3,372.00",#VALUE!,#VALUE!,0.059834277
321,2015,Car,Kia Motors ,,HYMTF,2/2/2015,8/3/2015,#VALUE!,#VALUE!,"$48,583,520,000,000 ","274,169,700",1967,"3,181.63","3,372.00",#VALUE!,#VALUE!,0.059834277
322,2015,Car,Mercedes-Benz ,,DAI,2/2/2015,8/3/2015, 70.77 CHF , 72.57 CHF ,#FIELD!,"1,069,837,000",1998,"3,181.63","3,372.00",-0.034390958,0.025443319,0.059834277
323,2015,Car,Nissan ,,NSANY,2/2/2015,8/3/2015,$17.24 ,$18.95 ,"$15,581,460,000 ","2,110,358,000",1933,"3,181.63","3,372.00",0.039353658,0.099187935,0.059834277
324,2015,Car,Toyota ,,TM,2/2/2015,8/3/2015,$13.09 ,#VALUE!,"$30,574,290,000,000 ","16,314,990,000",1937,"3,181.63","3,372.00",#VALUE!,#VALUE!,0.059834277
325,2015,Car,Toyota ,,TM,2/2/2015,8/3/2015,$13.09 ,#VALUE!,"$30,574,290,000,000 ","16,314,990,000",1937,"3,181.63","3,372.00",#VALUE!,#VALUE!,0.059834277
366,2016,Car,Jeep ,,FCAU,2/8/2016,8/8/2016,$6.02 ,$6.74 ,"$48,201,810,000 ","3,213,454,000",2014,"2,757.00","4,102.00",-0.368310065,0.119539047,0.487849111
367,2016,Car,Jeep ,,FCAU,2/8/2016,8/8/2016,$6.02 ,$6.74 ,"$48,201,810,000 ","3,213,454,000",2014,"2,757.00","4,102.00",-0.368310065,0.119539047,0.487849111
368,2016,Car,Hyundai Genesis ,,HYMTF,2/8/2016,8/8/2016,#VALUE!,#VALUE!,"$48,583,520,000,000 ","274,169,700",1967,"2,757.00","4,102.00",#VALUE!,#VALUE!,0.487849111
369,2016,Car,Honda Ridgeline ,,HMC,2/8/2016,8/8/2016,$25.85 ,$29.22 ,"$48,130,190,000 ","1,811,428,000",1948,"2,757.00","4,102.00",-0.357481607,0.130367505,0.487849111
396,2017,Car,Alfa Romeo ,,FCAU,2/6/2017,8/7/2017,$10.73 ,$12.11 ,"$48,201,810,000 ","3,213,454,000",2014,"4,448.00","5,635.00",-0.137797673,0.129063837,0.266861511
397,2017,Car,Alfa Romeo ,,FCAU,2/6/2017,8/7/2017,$10.73 ,$12.11 ,"$48,201,810,000 ","3,213,454,000",2014,"4,448.00","5,635.00",-0.137797673,0.129063837,0.266861511
398,2017,Car,Alfa Romeo ,,FCAU,2/6/2017,8/7/2017,$10.73 ,$12.11 ,"$48,201,810,000 ","3,213,454,000",2014,"4,448.00","5,635.00",-0.137797673,0.129063837,0.266861511
399,2017,Car,Audi ,,VWAGY,2/6/2017,8/7/2017,#VALUE!,#VALUE!,"$77,200,910,000 ","2,506,476,000",1961,"4,448.00","5,635.00",#VALUE!,#VALUE!,0.266861511
400,2017,Car,Buick N/A,,GM,2/6/2017,8/7/2017,$36.83 ,$35.30 ,"$45,728,128,980 ","1,390,124,000",2009,"4,448.00","5,635.00",-0.308403732,-0.041542221,0.266861511
401,2017,Car,Kia Niro ,,HYMTF,2/6/2017,8/7/2017,$40.11 ,#VALUE!,"$48,583,520,000,000 ","274,169,700",1967,"4,448.00","5,635.00",#VALUE!,#VALUE!,0.266861511
402,2017,Car,Lexus LC ,,TM,2/6/2017,8/7/2017,$11.35 ,$11.55 ,"$30,574,290,000,000 ","16,314,990,000",1937,"4,448.00","5,635.00",-0.249422723,0.017438788,0.266861511
437,2018,Car,Ram Trucks ,,FCAU,2/5/2018,8/6/2018,$21.29 ,$16.82 ,"$48,201,810,000 ","3,213,454,000",2014,"5,595.00","6,855.00",-0.435158799,-0.209957727,0.225201072
438,2018,Car,Ram 1500 ,,FCAU,2/5/2018,8/6/2018,$21.29 ,$16.82 ,"$48,201,810,000 ","3,213,454,000",2014,"5,595.00","6,855.00",-0.435158799,-0.209957727,0.225201072
439,2018,Car,Hyundai ,,HYMTF,2/5/2018,8/6/2018,$42.50 ,$35.00 ,"$48,583,520,000,000 ","274,169,700",1967,"5,595.00","6,855.00",-0.401671661,-0.176470588,0.225201072
440,2018,Car,Jeep Wrangler ,,FCAU,2/5/2018,8/6/2018,$21.29 ,$16.82 ,"$48,201,810,000 ","3,213,454,000",2014,"5,595.00","6,855.00",-0.435158799,-0.209957727,0.225201072
441,2018,Car,Jeep Wrangler Rubicon ,,FCAU,2/5/2018,8/6/2018,$21.29 ,$16.82 ,"$48,201,810,000 ","3,213,454,000",2014,"5,595.00","6,855.00",-0.435158799,-0.209957727,0.225201072
442,2018,Car,Jeep Cherokee ,,FCAU,2/5/2018,8/6/2018,$21.29 ,$16.82 ,"$48,201,810,000 ","3,213,454,000",2014,"5,595.00","6,855.00",-0.435158799,-0.209957727,0.225201072
443,2018,Car,Kia Stinger ,,HYMTF,2/5/2018,8/6/2018,$42.50 ,$35.00 ,"$48,583,520,000,000 ","274,169,700",1967,"5,595.00","6,855.00",-0.401671661,-0.176470588,0.225201072
445,2018,Car,Toyota ,,TM,2/5/2018,8/6/2018,$13.02 ,$12.81 ,"$30,574,290,000,000 ","16,314,990,000",1937,"5,595.00","6,855.00",-0.241330105,-0.016129032,0.225201072
446,2018,Car,Toyota ,,TM,2/5/2018,8/6/2018,$13.02 ,$12.81 ,"$30,574,290,000,000 ","16,314,990,000",1937,"5,595.00","6,855.00",-0.241330105,-0.016129032,0.225201072
447,2018,Car,Toyota ,,TM,2/5/2018,8/6/2018,$13.02 ,$12.81 ,"$30,574,290,000,000 ","16,314,990,000",1937,"5,595.00","6,855.00",-0.241330105,-0.016129032,0.225201072
516,2019,Car,Audi e-tron GT ,,VWAGY,2/4/2019,8/5/2019,$17.20 ,$16.31 ,"$77,200,910,000 ","2,506,476,000",1961,"6,510.00","8,500.00",-0.35742775,-0.051744186,0.305683564
517,2019,Car,Hyundai Shopper Assurance ,,HYMTF,2/4/2019,8/5/2019,$35.80 ,$30.00 ,"$48,583,520,000,000 ","274,169,700",1967,"6,510.00","8,500.00",-0.467694737,-0.162011173,0.305683564
518,2019,Car,Kia Telluride ,,HYMTF,2/4/2019,8/5/2019,$35.80 ,$30.00 ,"$48,583,520,000,000 ","274,169,700",1967,"6,510.00","8,500.00",-0.467694737,-0.162011173,0.305683564
519,2019,Car,Mercedes-Benz A-Class ,,DAI,2/4/2019,8/5/2019, 49.83 CHF ,#N/A,#FIELD!,"1,069,837,000",1998,"6,510.00","8,500.00",#N/A,#N/A,0.305683564
520,2019,Car,Toyota RAV4 Hybrid ,,TM,2/4/2019,8/5/2019,$12.23 ,$12.99 ,"$30,574,290,000,000 ","16,314,990,000",1937,"6,510.00","8,500.00",-0.243694686,0.061988878,0.305683564
521,2019,Car,Toyota Supra ,,TM,2/4/2019,8/5/2019,$12.23 ,$12.99 ,"$30,574,290,000,000 ","16,314,990,000",1937,"6,510.00","8,500.00",-0.243694686,0.061988878,0.305683564
547,2020,Car,Audi e-tron Sportback ,,VWAGY,2/3/2020,8/3/2020,$18.10 ,$16.25 ,"$77,200,910,000 ","2,506,476,000",1961,"9,005.00","10,455.00",-0.263231599,-0.102209945,0.161021655
548,2020,Car,Hyundai Sonata ,,HYMTF,2/3/2020,8/3/2020,$33.98 ,$24.86 ,"$48,583,520,000,000 ","274,169,700",1967,"9,005.00","10,455.00",-0.429414827,-0.268393172,0.161021655
549,2020,Car,Genesis GV80 ,,HYMTF,2/3/2020,8/3/2020,$33.98 ,$24.86 ,"$48,583,520,000,000 ","274,169,700",1967,"9,005.00","10,455.00",-0.429414827,-0.268393172,0.161021655
550,2020,Car,GMC Hummer EV ,,GM,2/3/2020,8/3/2020,$33.72 ,$25.64 ,"$45,728,128,980 ","1,390,124,000",2009,"9,005.00","10,455.00",-0.400642058,-0.239620403,0.161021655
551,2020,Car,Jeep ,,FCAU,2/3/2020,8/3/2020,$12.88 ,$10.57 ,"$48,201,810,000 ","3,213,454,000",2014,"9,005.00","10,455.00",-0.340369481,-0.179347826,0.161021655
552,2020,Car,Kia Seltos ,,HYMTF,2/3/2020,8/3/2020,$33.98 ,$24.86 ,"$48,583,520,000,000 ","274,169,700",1967,"9,005.00","10,455.00",-0.429414827,-0.268393172,0.161021655
553,2020,Car,Toyota Highlander ,,TM,2/3/2020,8/3/2020,$14.14 ,$11.96 ,"$30,574,290,000,000 ","16,314,990,000",1937,"9,005.00","10,455.00",-0.314890113,-0.153868458,0.161021655
554,2020,Car,Porsche Taycan ,,POAHY,2/3/2020,8/3/2020,$6.77 ,$5.91 ,"$7,734,694,000 ","153,125,000",2007,"9,005.00","10,455.00",-0.287407464,-0.126385809,0.161021655
10,1984,Alcohol,Miller Lite,Train,MIL,1/23/1984,7/23/1984,#VALUE!,#VALUE!,"$5,980,666,000 ","1,213,117,000",2001,#VALUE!,187.38,#VALUE!,#VALUE!,#VALUE!
13,1989,Alcohol,Budweiser,,BUD,1/23/1989,7/24/1989,#VALUE!,#VALUE!,"$113,213,000,000 ","1,737,197,000",#FIELD!,221.85,#VALUE!,#VALUE!,#VALUE!,#VALUE!
24,1994,Alcohol,Budweiser,,BUD,1/31/1994,8/1/1994,#VALUE!,#VALUE!,"$113,213,000,000 ","1,737,197,000",#FIELD!,435.08,444.77,#VALUE!,#VALUE!,0.022277201
37,1998,Alcohol,Bud Light,Chicken Pool,BUD,1/26/1998,7/27/1998,#VALUE!,#VALUE!,"$113,213,000,000 ","1,737,197,000",#FIELD!,586.92,533.08,#VALUE!,#VALUE!,-0.091743163
38,1998,Alcohol,Bud Light,Shopping,BUD,1/26/1998,7/27/1998,#VALUE!,#VALUE!,"$113,213,000,000 ","1,737,197,000",#FIELD!,586.92,533.08,#VALUE!,#VALUE!,-0.091743163
39,1998,Alcohol,Budweiser,Master Plan,BUD,1/26/1998,7/27/1998,#VALUE!,#VALUE!,"$113,213,000,000 ","1,737,197,000",#FIELD!,586.92,533.08,#VALUE!,#VALUE!,-0.091743163
60,1999,Alcohol,Bud Light,Paper or Plastic,BUD,2/1/1999,8/2/1999,#VALUE!,#VALUE!,"$113,213,000,000 ","1,737,197,000",#FIELD!,537.92,669.31,#VALUE!,#VALUE!,0.2442443
61,1999,Alcohol,Budweiser,Dalmatians,BUD,2/1/1999,8/2/1999,#VALUE!,#VALUE!,"$113,213,000,000 ","1,737,197,000",#FIELD!,537.92,669.31,#VALUE!,#VALUE!,0.2442443
62,1999,Alcohol,Budweiser,Lashing,BUD,2/1/1999,8/2/1999,#VALUE!,#VALUE!,"$113,213,000,000 ","1,737,197,000",#FIELD!,537.92,669.31,#VALUE!,#VALUE!,0.2442443
63,1999,Alcohol,Budweiser,Lobster,BUD,2/1/1999,8/2/1999,#VALUE!,#VALUE!,"$113,213,000,000 ","1,737,197,000",#FIELD!,537.92,669.31,#VALUE!,#VALUE!,0.2442443
83,2000,Alcohol,Bud Light,Elevator,BUD,1/31/2000,7/31/2000,#VALUE!,#VALUE!,"$113,213,000,000 ","1,737,197,000",#FIELD!,429.15,358.62,#VALUE!,#VALUE!,-0.164366405
84,2000,Alcohol,Bud Light,Cat,BUD,1/31/2000,7/31/2000,#VALUE!,#VALUE!,"$113,213,000,000 ","1,737,197,000",#FIELD!,429.15,358.62,#VALUE!,#VALUE!,-0.164366405
85,2000,Alcohol,Budweiser,Photo Shoot,BUD,1/31/2000,7/31/2000,#VALUE!,#VALUE!,"$113,213,000,000 ","1,737,197,000",#FIELD!,429.15,358.62,#VALUE!,#VALUE!,-0.164366405
86,2000,Alcohol,Budweiser,Which Game?,BUD,1/31/2000,7/31/2000,#VALUE!,#VALUE!,"$29,792,150 ","99,365,820",2011,429.15,358.62,#VALUE!,#VALUE!,-0.164366405
87,2000,Alcohol,Budweiser,Rex's Motivation,BUD,1/31/2000,7/31/2000,#VALUE!,#VALUE!,"$29,792,150 ","99,365,820",2011,429.15,358.62,#VALUE!,#VALUE!,-0.164366405
118,2001,Alcohol,Budweiser,We Are Not Alone,BUD,1/29/2001,7/30/2001,#VALUE!,#VALUE!,"$29,792,150 ","99,365,820",2011,414.62,451.77,#VALUE!,#VALUE!,0.089610232
119,2001,Alcohol,Budweiser,What Are You Doing?,BUD,1/29/2001,7/30/2001,#VALUE!,#VALUE!,"$113,213,000,000 ","1,737,197,000",#FIELD!,414.62,451.77,#VALUE!,#VALUE!,0.089610232
132,2002,Alcohol,Budweiser,Clydesdale Respect,BUD,2/4/2002,8/5/2002,#VALUE!,#VALUE!,"$113,213,000,000 ","1,737,197,000",#FIELD!,410.85,421.08,#VALUE!,#VALUE!,0.02490177
153,2004,Alcohol,Budweiser,Donkey,BUD,2/2/2004,8/2/2004,#VALUE!,#VALUE!,"$113,213,000,000 ","1,737,197,000",#FIELD!,577.23,588.54,#VALUE!,#VALUE!,0.019589558
168,2005,Alcohol,Budweiser,Audition,BUD,2/7/2005,8/8/2005,#VALUE!,#VALUE!,"$113,213,000,000 ","1,737,197,000",#FIELD!,751.15,824.39,#VALUE!,#VALUE!,0.097491034
169,2005,Alcohol,Budweiser,Welcome Home,BUD,2/7/2005,8/8/2005,#VALUE!,#VALUE!,"$113,213,000,000 ","1,737,197,000",#FIELD!,751.15,824.39,#VALUE!,#VALUE!,0.097491034
170,2005,Alcohol,Heineken,Beer Run,HEINY,2/7/2005,8/8/2005,$17.33 ,$16.13 ,"$66,046,320,000 ","1,152,005,000",1873,751.15,824.39,-0.166755104,-0.069264069,0.097491034
191,2008,Alcohol,Bud Light,Cavemen,BUD,2/4/2008,8/4/2008,#VALUE!,#VALUE!,"$113,213,000,000 ","1,737,197,000",#FIELD!,"1,009.62","1,065.62",#VALUE!,#VALUE!,0.055466644
192,2008,Alcohol,Budweiser,Training,BUD,2/4/2008,8/4/2008,#VALUE!,#VALUE!,"$113,213,000,000 ","1,737,197,000",#FIELD!,"1,009.62","1,065.62",#VALUE!,#VALUE!,0.055466644
203,2009,Alcohol,Bud Light,Conan,BUD,2/2/2009,8/3/2009,#VALUE!,$39.79 ,"$113,213,000,000 ","1,737,197,000",#FIELD!,892.77,996.15,#VALUE!,#VALUE!,0.115802218
204,2009,Alcohol,Bud Light,Drinkability,BUD,2/2/2009,8/3/2009,#VALUE!,$39.79 ,"$113,213,000,000 ","1,737,197,000",#FIELD!,892.77,996.15,#VALUE!,#VALUE!,0.115802218
205,2009,Alcohol,Budweiser,Fetch,BUD,2/2/2009,8/3/2009,#VALUE!,$39.79 ,"$113,213,000,000 ","1,737,197,000",#FIELD!,892.77,996.15,#VALUE!,#VALUE!,0.115802218
206,2009,Alcohol,Budweiser,True Love,BUD,2/2/2009,8/3/2009,#VALUE!,$39.79 ,"$113,213,000,000 ","1,737,197,000",#FIELD!,892.77,996.15,#VALUE!,#VALUE!,0.115802218
207,2009,Alcohol,Miller Lite,Highlight,SAB,2/2/2009,8/3/2009,€ 11.99,€ 14.37,#FIELD!,#FIELD!,#FIELD!,892.77,996.15,0.082696531,0.198498749,0.115802218
224,2010,Alcohol,Bud Light,Beer House,BUD,2/8/2010,8/9/2010,$47.04 ,$52.64 ,"$113,213,000,000 ","1,737,197,000",#FIELD!,"1,339.69","1,678.92",-0.134167801,0.119047619,0.25321542
225,2010,Alcohol,Bud Light,Meteor,BUD,2/8/2010,8/9/2010,$47.04 ,$52.64 ,"$113,213,000,000 ","1,737,197,000",#FIELD!,"1,339.69","1,678.92",-0.134167801,0.119047619,0.25321542
226,2010,Alcohol,Bud Light,T-Pain Voice,BUD,2/8/2010,8/9/2010,$47.04 ,$52.64 ,"$113,213,000,000 ","1,737,197,000",#FIELD!,"1,339.69","1,678.92",-0.134167801,0.119047619,0.25321542
227,2010,Alcohol,Budweiser,Friends,BUD,2/8/2010,8/9/2010,$47.04 ,$52.64 ,"$113,213,000,000 ","1,737,197,000",#FIELD!,"1,339.69","1,678.92",-0.134167801,0.119047619,0.25321542
228,2010,Alcohol,Budweiser,Human Bridge,BUD,2/8/2010,8/9/2010,$47.04 ,$52.64 ,"$113,213,000,000 ","1,737,197,000",#FIELD!,"1,339.69","1,678.92",-0.134167801,0.119047619,0.25321542
261,2011,Alcohol,Bud Light,Hack Job,BUD,2/7/2011,8/8/2011,$56.29 ,$51.34 ,"$113,213,000,000 ","1,737,197,000",#FIELD!,"2,019.23","1,775.85",0.032595859,-0.087937467,-0.120533326
278,2012,Alcohol,Bud Light,Factory,BUD,2/6/2012,8/6/2012,$64.05 ,$81.97 ,"$113,213,000,000 ","1,737,197,000",#FIELD!,"2,249.69","2,156.00",0.321428122,0.279781421,-0.041646701
279,2012,Alcohol,Budweiser,The End of Prohibition,BUD,2/6/2012,8/6/2012,$64.05 ,$81.97 ,"$113,213,000,000 ","1,737,197,000",#FIELD!,"2,249.69","2,156.00",0.321428122,0.279781421,-0.041646701
280,2012,Alcohol,Budweiser,Eternal Optimism,BUD,2/6/2012,8/6/2012,$64.05 ,$81.97 ,"$113,213,000,000 ","1,737,197,000",#FIELD!,"2,249.69","2,156.00",0.321428122,0.279781421,-0.041646701
301,2014,Alcohol,Budweiser,,BUD,2/3/2014,8/4/2014,$94.31 ,$108.51 ,"$113,213,000,000 ","1,737,197,000",#FIELD!,"2,973.19","2,749.19",0.225907357,0.150567278,-0.075340079
311,2015,Alcohol,Budweiser ,,BUD,2/2/2015,8/3/2015,$123.20 ,$120.15 ,"$113,213,000,000 ","1,737,197,000",#FIELD!,"3,181.63","3,372.00",-0.08459077,-0.024756494,0.059834277
312,2015,Alcohol,Bud Light ,,BUD,2/2/2015,8/3/2015,$123.20 ,$120.15 ,"$113,213,000,000 ","1,737,197,000",#FIELD!,"3,181.63","3,372.00",-0.08459077,-0.024756494,0.059834277
365,2016,Alcohol,Bud Light ,,BUD,2/8/2016,8/8/2016,$115.19 ,$122.93 ,"$113,213,000,000 ","1,737,197,000",#FIELD!,"2,757.00","4,102.00",-0.420655779,0.067193333,0.487849111
392,2017,Alcohol,Bud Light ,,BUD,2/6/2017,8/7/2017,$105.01 ,$119.53 ,"$113,213,000,000 ","1,737,197,000",#FIELD!,"4,448.00","5,635.00",-0.128588965,0.138272545,0.266861511
393,2017,Alcohol,Budweiser ,,BUD,2/6/2017,8/7/2017,$105.01 ,$119.53 ,"$113,213,000,000 ","1,737,197,000",#FIELD!,"4,448.00","5,635.00",-0.128588965,0.138272545,0.266861511
394,2017,Alcohol,Busch ,,BUD,2/6/2017,8/7/2017,$105.01 ,$119.53 ,"$113,213,000,000 ","1,737,197,000",#FIELD!,"4,448.00","5,635.00",-0.128588965,0.138272545,0.266861511
430,2018,Alcohol,Budweiser ,,BUD,2/5/2018,8/6/2018,$106.97 ,$99.98 ,"$113,213,000,000 ","1,737,197,000",#FIELD!,"5,595.00","6,855.00",-0.290546496,-0.065345424,0.225201072
431,2018,Alcohol,Bud Light ,,BUD,2/5/2018,8/6/2018,$106.97 ,$99.98 ,"$113,213,000,000 ","1,737,197,000",#FIELD!,"5,595.00","6,855.00",-0.290546496,-0.065345424,0.225201072
432,2018,Alcohol,Bud Light ,,BUD,2/5/2018,8/6/2018,$106.97 ,$99.98 ,"$113,213,000,000 ","1,737,197,000",#FIELD!,"5,595.00","6,855.00",-0.290546496,-0.065345424,0.225201072
433,2018,Alcohol,Michelob Ultra ,,BUD,2/5/2018,8/6/2018,$106.97 ,$99.98 ,"$113,213,000,000 ","1,737,197,000",#FIELD!,"5,595.00","6,855.00",-0.290546496,-0.065345424,0.225201072
434,2018,Alcohol,Michelob Ultra ,,BUD,2/5/2018,8/6/2018,$106.97 ,$99.98 ,"$113,213,000,000 ","1,737,197,000",#FIELD!,"5,595.00","6,855.00",-0.290546496,-0.065345424,0.225201072
449,2018,Alcohol,Stella Artois and Water.org ,,BUD,2/5/2018,8/6/2018,$106.97 ,$99.98 ,"$113,213,000,000 ","1,737,197,000",#FIELD!,"5,595.00","6,855.00",-0.290546496,-0.065345424,0.225201072
505,2019,Alcohol,Bon & Viv Spiked Seltzer ,,BUD,2/4/2019,8/5/2019,$77.41 ,$98.19 ,"$113,213,000,000 ","1,737,197,000",#FIELD!,"6,510.00","8,500.00",-0.037242794,0.26844077,0.305683564
506,2019,Alcohol,Bud Light ,,BUD,2/4/2019,8/5/2019,$77.41 ,$98.19 ,"$113,213,000,000 ","1,737,197,000",#FIELD!,"6,510.00","8,500.00",-0.037242794,0.26844077,0.305683564
507,2019,Alcohol,Bud Light  Game of Thrones ,,BUD,2/4/2019,8/5/2019,$77.41 ,$98.19 ,"$113,213,000,000 ","1,737,197,000",#FIELD!,"6,510.00","8,500.00",-0.037242794,0.26844077,0.305683564
508,2019,Alcohol,Budweiser ,,BUD,2/4/2019,8/5/2019,$77.41 ,$98.19 ,"$113,213,000,000 ","1,737,197,000",#FIELD!,"6,510.00","8,500.00",-0.037242794,0.26844077,0.305683564
509,2019,Alcohol,Hennessy ,,LVMUY,2/4/2019,8/5/2019,$64.88 ,$76.22 ,"$481,887,700,000 ","2,510,242,000",1971,"6,510.00","8,500.00",-0.130808805,0.174874759,0.305683564
510,2019,Alcohol,Michelob Ultra ,,BUD,2/4/2019,8/5/2019,$77.41 ,$98.19 ,"$113,213,000,000 ","1,737,197,000",#FIELD!,"6,510.00","8,500.00",-0.037242794,0.26844077,0.305683564
511,2019,Alcohol,Michelob Ultra Pure Gold ,,BUD,2/4/2019,8/5/2019,$77.41 ,$98.19 ,"$113,213,000,000 ","1,737,197,000",#FIELD!,"6,510.00","8,500.00",-0.037242794,0.26844077,0.305683564
512,2019,Alcohol,Stella Artois ,,BUD,2/4/2019,8/5/2019,$77.41 ,$98.19 ,"$113,213,000,000 ","1,737,197,000",#FIELD!,"6,510.00","8,500.00",-0.037242794,0.26844077,0.305683564
546,2020,Alcohol,Presidente ,,CEECF,2/3/2020,8/3/2020,$189.12 ,$173.29 ,"$41,650,465,920 ","183,232,000",1972,"9,005.00","10,455.00",-0.244725123,-0.083703469,0.161021655
7,1982,Food,McDonald's,Hopscotch,MCD,1/25/1982,7/26/1982,$1.47 ,$1.85 ,"$217,414,390,735 ","730,031,700",1964,#VALUE!,#VALUE!,#VALUE!,0.257895809,#VALUE!
12,1988,Food,Doritos tortilla chips,,PEP,2/1/1988,8/1/1988,$5.48 ,$6.04 ,"$263,160,028,394 ","1,377,693,000",1986,#VALUE!,201.38,#VALUE!,0.10266472,#VALUE!
17,1993,Food,McDonald's,Showdown,MCD,2/1/1993,8/2/1993,$12.31 ,$12.94 ,"$217,414,390,735 ","730,031,700",1964,355.38,371.54,0.005307029,0.050761421,0.045454392
28,1996,Food,McDonald's,Baby Swing,MCD,1/29/1996,7/29/1996,$25.19 ,$22.94 ,"$217,414,390,735 ","730,031,700",1964,672,840,-0.339329913,-0.089330025,0.249999888
33,1997,Food,Eggo,Grandma,K,1/27/1997,7/28/1997,$33.19 ,$45.75 ,"$24,202,654,966 ","342,668,200",1922,766.23,655.85,0.522592963,0.378531073,-0.144061889
34,1997,Food,Lays,Nuzzle and Nibble,PEP,1/27/1997,7/28/1997,$34.13 ,$38.44 ,"$263,160,028,394 ","1,377,693,000",1986,766.23,655.85,0.270435516,0.126373626,-0.144061889
35,1997,Food,Lays,Party,PEP,1/27/1997,7/28/1997,$34.13 ,$38.44 ,"$263,160,028,394 ","1,377,693,000",1986,766.23,655.85,0.270435516,0.126373626,-0.144061889
49,1998,Food,Doritos,Laundromat,PEP,1/26/1998,7/27/1998,$36.44 ,$40.00 ,"$263,160,028,394 ","1,377,693,000",1986,586.92,533.08,0.189513317,0.097770154,-0.091743163
50,1998,Food,Hormel,Bold Innovations,HRL,1/26/1998,7/27/1998,$4.09 ,$4.31 ,"$21,956,959,257 ","546,532,900",1928,586.92,533.08,0.147202181,0.055459018,-0.091743163
51,1998,Food,Tabasco Sauce,Mosquito,Private,1/26/1998,7/27/1998,#VALUE!,#VALUE!,#FIELD!,#FIELD!,#FIELD!,586.92,533.08,#VALUE!,#VALUE!,-0.091743163
53,1998,Food,Pizza Hut,Elvis,YUM,1/26/1998,7/27/1998,$4.79 ,$6.60 ,"$39,876,146,408 ","280,107,800",1997,586.92,533.08,0.469683909,0.377940746,-0.091743163
76,1999,Food,Doritos,Smokin,PEP,2/1/1999,8/2/1999,$38.13 ,$38.56 ,"$263,160,028,394 ","1,377,693,000",1986,537.92,669.31,-0.23276889,0.01147541,0.2442443
78,1999,Food,Pizza Hut,New Yorker,YUM,2/1/1999,8/2/1999,$8.31 ,$7.37 ,"$39,876,146,408 ","280,107,800",1997,537.92,669.31,-0.3577623,-0.113518,0.2442443
88,2000,Food,M&M's,Sexy Girl,"Private(Mars,Inc.)",1/31/2000,7/31/2000,#VALUE!,#VALUE!,#FIELD!,#FIELD!,#FIELD!,429.15,358.62,#VALUE!,#VALUE!,-0.164366405
126,2001,Food,George Foreman Grill,Colors,SPB,1/29/2001,7/30/2001,#VALUE!,#VALUE!,"$2,724,541,344 ","41,004,460",2009,414.62,451.77,#VALUE!,#VALUE!,0.089610232
137,2002,Food,Lipton Brisk,Puppet Strike,UL,2/4/2002,8/5/2002,$18.39 ,$19.62 ,"$140,821,500,000 ","2,524,789,000",1894,410.85,421.08,0.042170937,0.067072707,0.02490177
163,2004,Food,Lay's,Dentures,PEP,2/2/2004,8/2/2004,$47.94 ,$51.08 ,"$263,160,028,394 ","1,377,693,000",1986,577.23,588.54,0.045908982,0.06549854,0.019589558
216,2009,Food,Doritos,Crystal Ball,PEP,2/2/2009,8/3/2009,$50.13 ,$56.20 ,"$263,160,028,394 ","1,377,693,000",1986,892.77,996.15,0.00528296,0.121085179,0.115802218
217,2009,Food,Doritos,The Power of Crunch,PEP,2/2/2009,8/3/2009,$50.13 ,$56.20 ,"$263,160,028,394 ","1,377,693,000",1986,892.77,996.15,0.00528296,0.121085179,0.115802218
222,2009,Food,Denny's,Mafia,DENN,2/2/2009,8/3/2009,$1.92 ,$2.50 ,"$630,328,111 ","56,506,330",1988,892.77,996.15,0.186281115,0.302083333,0.115802218
229,2010,Food,Snickers,Betty White,"Private(Mars,Inc.)",2/8/2010,8/9/2010,#VALUE!,#VALUE!,#FIELD!,#FIELD!,#FIELD!,"1,339.69","1,678.92",#VALUE!,#VALUE!,0.25321542
242,2010,Food,Doritos,Boyfriend,PEP,2/8/2010,8/9/2010,$58.96 ,$66.42 ,"$263,160,028,394 ","1,377,693,000",1986,"1,339.69","1,678.92",-0.126688961,0.126526459,0.25321542
243,2010,Food,Doritos,Dog,PEP,2/8/2010,8/9/2010,$58.96 ,$66.42 ,"$263,160,028,394 ","1,377,693,000",1986,"1,339.69","1,678.92",-0.126688961,0.126526459,0.25321542
244,2010,Food,Doritos,Funeral,PEP,2/8/2010,8/9/2010,$58.96 ,$66.42 ,"$263,160,028,394 ","1,377,693,000",1986,"1,339.69","1,678.92",-0.126688961,0.126526459,0.25321542
245,2010,Food,Doritos,Tim,PEP,2/8/2010,8/9/2010,$58.96 ,$66.42 ,"$263,160,028,394 ","1,377,693,000",1986,"1,339.69","1,678.92",-0.126688961,0.126526459,0.25321542
248,2010,Food,McDonald's,Check This,MCD,2/8/2010,8/9/2010,$62.92 ,$72.92 ,"$217,414,390,735 ","730,031,700",1964,"1,339.69","1,678.92",-0.094283443,0.158931977,0.25321542
274,2011,Food,Doritos,Love,PEP,2/7/2011,8/8/2011,$63.68 ,$62.97 ,"$263,160,028,394 ","1,377,693,000",1986,"2,019.23","1,775.85",0.109383828,-0.011149497,-0.120533326
275,2011,Food,Doritos,Teasing,PEP,2/7/2011,8/8/2011,$63.68 ,$62.97 ,"$263,160,028,394 ","1,377,693,000",1986,"2,019.23","1,775.85",0.109383828,-0.011149497,-0.120533326
281,2012,Food,M&M's,Just My Shell,"Private(Mars,Inc.)",2/6/2012,8/6/2012,#VALUE!,#VALUE!,#FIELD!,#FIELD!,#FIELD!,"2,249.69","2,156.00",#VALUE!,#VALUE!,-0.041646701
299,2013,Food,Wonderful Pistachios,,LKQ,2/4/2013,8/5/2013,$22.64 ,$29.30 ,"$15,198,092,342 ","267,289,700",1998,"2,476.92","3,021.93",0.07413796,0.294169611,0.220031651
306,2014,Food,Doritos,,PEP,2/3/2014,8/4/2014,$78.57 ,$89.69 ,"$263,160,028,394 ","1,377,693,000",1986,"2,973.19","2,749.19",0.216869925,0.141529846,-0.075340079
313,2015,Food,Skittles ,,"Private(Mars,Inc.)",2/2/2015,8/3/2015,#VALUE!,#VALUE!,#FIELD!,#FIELD!,#FIELD!,"3,181.63","3,372.00",#VALUE!,#VALUE!,0.059834277
314,2015,Food,Snickers ,,"Private(Mars,Inc.)",2/2/2015,8/3/2015,#VALUE!,#VALUE!,#FIELD!,#FIELD!,#FIELD!,"3,181.63","3,372.00",#VALUE!,#VALUE!,0.059834277
339,2015,Food,Avocados From Mexico ,,Private(MexicanHassAvocadoImportersAssociation),2/2/2015,8/3/2015,#VALUE!,#VALUE!,#FIELD!,#FIELD!,#FIELD!,"3,181.63","3,372.00",#VALUE!,#VALUE!,0.059834277
340,2015,Food,Doritos ,,PEP,2/2/2015,8/3/2015,$95.33 ,$97.45 ,"$263,160,028,394 ","1,377,693,000",1986,"3,181.63","3,372.00",-0.037595737,0.02223854,0.059834277
341,2015,Food,Doritos ,,PEP,2/2/2015,8/3/2015,$95.33 ,$97.45 ,"$263,160,028,394 ","1,377,693,000",1986,"3,181.63","3,372.00",-0.037595737,0.02223854,0.059834277
342,2015,Food,McDonald's ,,MCD,2/2/2015,8/3/2015,$92.51 ,$99.42 ,"$217,414,390,735 ","730,031,700",1964,"3,181.63","3,372.00",0.014860351,0.074694628,0.059834277
372,2016,Food,Doritos ,,PEP,2/8/2016,8/8/2016,$97.52 ,$108.14 ,"$263,160,028,394 ","1,377,693,000",1986,"2,757.00","4,102.00",-0.378948373,0.108900738,0.487849111
373,2016,Food,Doritos ,,PEP,2/8/2016,8/8/2016,$97.52 ,$108.14 ,"$263,160,028,394 ","1,377,693,000",1986,"2,757.00","4,102.00",-0.378948373,0.108900738,0.487849111
374,2016,Food,Heinz ,,KHC,2/8/2016,8/8/2016,$71.22 ,$88.75 ,"$48,362,165,585 ","1,226,999,000",2013,"2,757.00","4,102.00",-0.241710386,0.246138725,0.487849111
375,2016,Food,Skittles ,,"Private(Mars,Inc.)",2/8/2016,8/8/2016,#VALUE!,#VALUE!,#FIELD!,#FIELD!,#FIELD!,"2,757.00","4,102.00",#VALUE!,#VALUE!,0.487849111
410,2017,Food,Buffalo Wild Wings ,,"Private(Arby'sRestaurantGroup,Inc.)",2/6/2017,8/7/2017,#VALUE!,#VALUE!,#FIELD!,#FIELD!,#FIELD!,"4,448.00","5,635.00",#VALUE!,#VALUE!,0.266861511
435,2018,Food,M&M's ,,"Private(Mars,Inc.)",2/5/2018,8/6/2018,#VALUE!,#VALUE!,#FIELD!,#FIELD!,#FIELD!,"5,595.00","6,855.00",#VALUE!,#VALUE!,0.225201072
456,2018,Food,Avocados From Mexico ,,Private(MexicanHassAvocadoImportersAssociation),2/5/2018,8/6/2018,#VALUE!,#VALUE!,#FIELD!,#FIELD!,#FIELD!,"5,595.00","6,855.00",#VALUE!,#VALUE!,0.225201072
457,2018,Food,Jack in the Box ,,JACK,2/5/2018,8/6/2018,$84.75 ,$86.22 ,"$1,938,084,000 ","20,600,390",1999,"5,595.00","6,855.00",-0.20785594,0.017345133,0.225201072
458,2018,Food,Kraft Foods ,,KHC,2/5/2018,8/6/2018,$74.26 ,$62.30 ,"$48,362,165,585 ","1,226,999,000",2013,"5,595.00","6,855.00",-0.386256822,-0.16105575,0.225201072
459,2018,Food,Pringles ,,KHC,2/5/2018,8/6/2018,$74.26 ,$62.30 ,"$48,362,165,585 ","1,226,999,000",2013,"5,595.00","6,855.00",-0.386256822,-0.16105575,0.225201072
460,2018,Food,Wendy's ,,WEN,2/5/2018,8/6/2018,$15.30 ,$17.07 ,"$4,603,696,682 ","212,054,200",1994,"5,595.00","6,855.00",-0.109514798,0.115686275,0.225201072
461,2018,Food,Doritos and Mountain Dew ,,PEP,2/5/2018,8/6/2018,$114.46 ,$117.38 ,"$263,160,028,394 ","1,377,693,000",1986,"5,595.00","6,855.00",-0.199689977,0.025511096,0.225201072
515,2019,Food,M&M's Chocolate Bar ,,"Private(Mars,Inc.)",2/4/2019,8/5/2019,#VALUE!,#VALUE!,#FIELD!,#FIELD!,#FIELD!,"6,510.00","8,500.00",#VALUE!,#VALUE!,0.305683564
530,2019,Food,Avocados from Mexico ,,Private(MexicanHassAvocadoImportersAssociation),2/4/2019,8/5/2019,#VALUE!,#VALUE!,#FIELD!,#FIELD!,#FIELD!,"6,510.00","8,500.00",#VALUE!,#VALUE!,0.305683564
531,2019,Food,Burger King ,,QSR,2/4/2019,8/5/2019,$62.70 ,$76.23 ,"$22,287,302,024 ","311,144,800",2014,"6,510.00","8,500.00",-0.08989409,0.215789474,0.305683564
532,2019,Food,Flamin' Hot Doritos ,,PEP,2/4/2019,8/5/2019,$113.09 ,$124.40 ,"$263,160,028,394 ","1,377,693,000",1986,"6,510.00","8,500.00",-0.205674721,0.100008843,0.305683564
533,2019,Food,Pringles ,,KHC,2/4/2019,8/5/2019,$47.73 ,$31.44 ,"$48,362,165,585 ","1,226,999,000",2013,"6,510.00","8,500.00",-0.646978347,-0.341294783,0.305683564
558,2020,Food,Doritos ,,PEP,2/3/2020,8/3/2020,$142.51 ,$136.70 ,"$263,160,028,394 ","1,377,693,000",1986,"9,005.00","10,455.00",-0.201790723,-0.040769069,0.161021655
559,2020,Food,Planters ,,KHC,2/3/2020,8/3/2020,$29.15 ,$34.79 ,"$48,362,165,585 ","1,226,999,000",2013,"9,005.00","10,455.00",0.032460335,0.19348199,0.161021655
560,2020,Food,Pop-Tarts Pretzel ,,KHC,2/3/2020,8/3/2020,$29.15 ,$34.79 ,"$48,362,165,585 ","1,226,999,000",2013,"9,005.00","10,455.00",0.032460335,0.19348199,0.161021655
561,2020,Food,"Pringles, Rick and Morty",,KHC,2/3/2020,8/3/2020,$29.15 ,$34.79 ,"$48,362,165,585 ","1,226,999,000",2013,"9,005.00","10,455.00",0.032460335,0.19348199,0.161021655
59,1998,Website,Autobytel,Pajamas,ABTL,1/26/1998,7/27/1998,#VALUE!,#VALUE!,#FIELD!,#FIELD!,#FIELD!,586.92,533.08,#VALUE!,#VALUE!,-0.091743163
80,1999,Website,Buy.com,Aliens,BUYX,2/1/1999,8/2/1999,#VALUE!,#VALUE!,#FIELD!,#FIELD!,#FIELD!,537.92,669.31,#VALUE!,#VALUE!,0.2442443
81,1999,Website,HotJobs.com,,HOTJ,2/1/1999,8/2/1999,#VALUE!,#VALUE!,#FIELD!,#FIELD!,#FIELD!,537.92,669.31,#VALUE!,#VALUE!,0.2442443
82,1999,Website,Monster.com,When I Grow Up,MWW,2/1/1999,8/2/1999,#VALUE!,#VALUE!,"$1,691,560 ","4,228,906,000",2003,537.92,669.31,#VALUE!,#VALUE!,0.2442443
96,2000,Website,AutoTrader.com,I Need a Car,AUTO,1/31/2000,7/31/2000,#VALUE!,#VALUE!,"$5,829,532,000 ","917,169,900",2015,429.15,358.62,#VALUE!,#VALUE!,-0.164366405
97,2000,Website,Britannica.com[12],Untitled,none,1/31/2000,7/31/2000,#VALUE!,#VALUE!,#FIELD!,#FIELD!,#FIELD!,429.15,358.62,#VALUE!,#VALUE!,-0.164366405
98,2000,Website,Computer.com,Mike and Mike,NONE,1/31/2000,7/31/2000,#VALUE!,#VALUE!,#FIELD!,#FIELD!,#FIELD!,429.15,358.62,#VALUE!,#VALUE!,-0.164366405
99,2000,Website,e1040.com,Charity,none,1/31/2000,7/31/2000,#VALUE!,#VALUE!,#FIELD!,#FIELD!,#FIELD!,429.15,358.62,#VALUE!,#VALUE!,-0.164366405
100,2000,Website,EDS,Cat Herders,EDS,1/31/2000,7/31/2000,#VALUE!,#VALUE!,#FIELD!,#FIELD!,#FIELD!,429.15,358.62,#VALUE!,#VALUE!,-0.164366405
101,2000,Website,Epidemic.com,Bathroom,none,1/31/2000,7/31/2000,#VALUE!,#VALUE!,#FIELD!,#FIELD!,#FIELD!,429.15,358.62,#VALUE!,#VALUE!,-0.164366405
102,2000,Website,E*Trade,Wasted 2 Million,ETFC,1/31/2000,7/31/2000,#VALUE!,#VALUE!,#FIELD!,#FIELD!,#FIELD!,429.15,358.62,#VALUE!,#VALUE!,-0.164366405
103,2000,Website,E*Trade,Out the Wazoo,ETFC,1/31/2000,7/31/2000,#VALUE!,#VALUE!,#FIELD!,#FIELD!,#FIELD!,429.15,358.62,#VALUE!,#VALUE!,-0.164366405
104,2000,Website,E*Trade,Basketball Prodigy,ETFC,1/31/2000,7/31/2000,#VALUE!,#VALUE!,#FIELD!,#FIELD!,#FIELD!,429.15,358.62,#VALUE!,#VALUE!,-0.164366405
105,2000,Website,e-stamp.com,Time Saving Tips,STMP,1/31/2000,7/31/2000,#VALUE!,#VALUE!,#FIELD!,#FIELD!,#FIELD!,429.15,358.62,#VALUE!,#VALUE!,-0.164366405
106,2000,Website,Hotjobs.com,Negotiations,HOTJ,1/31/2000,7/31/2000,#VALUE!,#VALUE!,#FIELD!,#FIELD!,#FIELD!,429.15,358.62,#VALUE!,#VALUE!,-0.164366405
107,2000,Website,Kforce,Looking for a Job,KFRC,1/31/2000,7/31/2000,$14.75 ,$4.50 ,"$1,208,118,000 ","20,321,570",1994,429.15,358.62,-0.53054885,-0.694915254,-0.164366405
108,2000,Website,LastMinuteTravel.com,Tornado,LMIN,1/31/2000,7/31/2000,#VALUE!,#VALUE!,#FIELD!,#FIELD!,#FIELD!,429.15,358.62,#VALUE!,#VALUE!,-0.164366405
109,2000,Website,LifeMinders.com,The Worst Commercial,LFMN,1/31/2000,7/31/2000,#VALUE!,#VALUE!,#FIELD!,#FIELD!,#FIELD!,429.15,358.62,#VALUE!,#VALUE!,-0.164366405
110,2000,Website,MicroStrategy,Fraud,MSTR,1/31/2000,7/31/2000,"$1,388.75 ",$221.88 ,"$4,126,971,321 ","12,938,650",1989,429.15,358.62,-0.675867619,-0.840234023,-0.164366405
111,2000,Website,MicroStrategy,Stock Alert,MSTR,1/31/2000,7/31/2000,"$1,388.75 ",$221.88 ,"$4,126,971,321 ","12,938,650",1989,429.15,358.62,-0.675867619,-0.840234023,-0.164366405
112,2000,Website,Monster.com,The Road Less Travelled,MWW,1/31/2000,7/31/2000,#VALUE!,#VALUE!,"$1,691,560 ","4,228,906,000",2003,429.15,358.62,#VALUE!,#VALUE!,-0.164366405
113,2000,Website,OnMoney.com,Paper Monster,none,1/31/2000,7/31/2000,#VALUE!,#VALUE!,#FIELD!,#FIELD!,#FIELD!,429.15,358.62,#VALUE!,#VALUE!,-0.164366405
114,2000,Website,Netpliance,Webhead,NONE,1/31/2000,7/31/2000,#VALUE!,#VALUE!,#FIELD!,#FIELD!,#FIELD!,429.15,358.62,#VALUE!,#VALUE!,-0.164366405
115,2000,Website,OurBeginning.com,Invites,OURN,1/31/2000,7/31/2000,#VALUE!,#VALUE!,#FIELD!,#FIELD!,#FIELD!,429.15,358.62,#VALUE!,#VALUE!,-0.164366405
116,2000,Website,Pets.com,If You Leave Me Now,IPET,1/31/2000,7/31/2000,#VALUE!,#VALUE!,#FIELD!,#FIELD!,#FIELD!,429.15,358.62,#VALUE!,#VALUE!,-0.164366405
117,2000,Website,WebMD,Ali,WBMD,1/31/2000,7/31/2000,#VALUE!,#VALUE!,#FIELD!,#FIELD!,#FIELD!,429.15,358.62,#VALUE!,#VALUE!,-0.164366405
131,2001,Website,E*Trade,Ghost Town,ETFC,1/29/2001,7/30/2001,#VALUE!,#VALUE!,#FIELD!,#FIELD!,#FIELD!,414.62,451.77,#VALUE!,#VALUE!,0.089610232
141,2002,Website,Yahoo!,Dolphin,YHOO,2/4/2002,8/5/2002,#VALUE!,#VALUE!,#FIELD!,#FIELD!,#FIELD!,410.85,421.08,#VALUE!,#VALUE!,0.02490177
201,2008,Website,E*Trade,Baby,ETFC,2/4/2008,8/4/2008,#VALUE!,#VALUE!,#FIELD!,#FIELD!,#FIELD!,"1,009.62","1,065.62",#VALUE!,#VALUE!,0.055466644
202,2008,Website,E*Trade,Clown,ETFC,2/4/2008,8/4/2008,#VALUE!,#VALUE!,#FIELD!,#FIELD!,#FIELD!,"1,009.62","1,065.62",#VALUE!,#VALUE!,0.055466644
223,2009,Website,E*Trade,Singing Baby,ETFC,2/2/2009,8/3/2009,#VALUE!,#VALUE!,#FIELD!,#FIELD!,#FIELD!,892.77,996.15,#VALUE!,#VALUE!,0.115802218
255,2010,Website,cars.com,Smart Kid #2,CARS,2/8/2010,8/9/2010,#VALUE!,#VALUE!,"$1,319,644,000 ","66,817,390",2016,"1,339.69","1,678.92",#VALUE!,#VALUE!,0.25321542
256,2010,Website,E*Trade,Date,ETFC,2/8/2010,8/9/2010,#VALUE!,#VALUE!,#FIELD!,#FIELD!,#FIELD!,"1,339.69","1,678.92",#VALUE!,#VALUE!,0.25321542
257,2010,Website,Focus on the Family.com,Miracle Baby,none,2/8/2010,8/9/2010,#VALUE!,#VALUE!,#FIELD!,#FIELD!,#FIELD!,"1,339.69","1,678.92",#VALUE!,#VALUE!,0.25321542
258,2010,Website,GoDaddy,Massage,GDDY,2/8/2010,8/9/2010,#VALUE!,#VALUE!,"$11,701,940,000 ","154,481,000",2014,"1,339.69","1,678.92",#VALUE!,#VALUE!,0.25321542
259,2010,Website,Google,Searching,GOOGL,2/8/2010,8/9/2010,$13.35 ,$12.65 ,"$1,364,114,000,000 ","12,697,000,000",2015,"1,339.69","1,678.92",-0.305928215,-0.052712795,0.25321542
260,2010,Website,Monster.com,Talented Beaver,MWW,2/8/2010,8/9/2010,€ 33.38,€ 34.74,"$9,054,478,000 ","183,959,300",#FIELD!,"1,339.69","1,678.92",-0.21247246,0.04074296,0.25321542
361,2015,Website,Wix.com ,,WIX,2/2/2015,8/3/2015,$18.63 ,$27.84 ,"$4,941,125,463 ","56,820,670",2006,"3,181.63","3,372.00",0.434529652,0.494363929,0.059834277
362,2015,Website,GoDaddy.com ,,GDDY,2/2/2015,8/3/2015,#VALUE!,$28.39 ,"$11,701,940,000 ","154,481,000",2014,"3,181.63","3,372.00",#VALUE!,#VALUE!,0.059834277
363,2015,Website,Squarespace ,,none,2/2/2015,8/3/2015,#VALUE!,#VALUE!,#FIELD!,#FIELD!,#FIELD!,"3,181.63","3,372.00",#VALUE!,#VALUE!,0.059834277
420,2017,Website,Airbnb ,,ABNB,2/6/2017,8/7/2017,#VALUE!,#VALUE!,"$76,078,613,150 ","630,155,000",2008,"4,448.00","5,635.00",#VALUE!,#VALUE!,0.266861511
497,2018,Website,Blacture ,,none,2/5/2018,8/6/2018,#VALUE!,#VALUE!,#FIELD!,#FIELD!,#FIELD!,"5,595.00","6,855.00",#VALUE!,#VALUE!,0.225201072
498,2018,Website,Squarespace ,,none,2/5/2018,8/6/2018,#VALUE!,#VALUE!,#FIELD!,#FIELD!,#FIELD!,"5,595.00","6,855.00",#VALUE!,#VALUE!,0.225201072
499,2018,Website,Wix.com ,,WIX,2/5/2018,8/6/2018,$60.00 ,$100.30 ,"$4,941,125,463 ","56,820,670",2006,"5,595.00","6,855.00",0.446465594,0.671666667,0.225201072
562,2020,Website,Facebook  ,Facebook groups ,FB,2/3/2020,8/3/2020,$204.19 ,$251.96 ,"$616,516,437,240 ","2,562,732,000",2004,"9,005.00","10,455.00",0.072927119,0.233948773,0.161021655
2,1975,Goods,Master Lock,Rifle,FBHS,1/13/1975,7/14/1975,#VALUE!,#VALUE!,#FIELD!,#FIELD!,#FIELD!,#VALUE!,#VALUE!,#VALUE!,#VALUE!,#VALUE!
11,1984,Goods,Master Lock,The Doubters,FBHS,1/23/1984,7/23/1984,#VALUE!,#VALUE!,"$616,516,437,240 ","2,562,732,000",2004,#VALUE!,187.38,#VALUE!,#VALUE!,#VALUE!
58,1998,Goods,Michelin,Drill,MGDDF,1/26/1998,7/27/1998,#VALUE!,#VALUE!,"$20,588,010,000 ","714,117,400",1955,586.92,533.08,#VALUE!,#VALUE!,-0.091743163
218,2009,Goods,Bridgestone,The Potato Heads,BRDCY,2/2/2009,8/3/2009,$6.23 ,$9.13 ,"$28,677,810,000 ","1,427,396,000",1931,892.77,996.15,0.350061236,0.465863454,0.115802218
246,2010,Goods,Bridgestone,Killer Whale,BRDCY,2/8/2010,8/9/2010,$8.05 ,$9.25 ,"$28,677,810,000 ","1,427,396,000",1931,"1,339.69","1,678.92",-0.103836538,0.149378882,0.25321542
254,2010,Goods,Dante's Inferno,,EA,2/8/2010,8/9/2010,$17.49 ,$17.15 ,"$34,484,120,700 ","274,227,600",1991,"1,339.69","1,678.92",-0.2726551,-0.01943968,0.25321542
277,2011,Goods,Best Buy,Upgrades,BBY,2/7/2011,8/8/2011,$34.10 ,$23.34 ,"$15,871,393,871 ","218,045,700",1966,"2,019.23","1,775.85",-0.194986631,-0.315519957,-0.120533326
292,2012,Goods,Best Buy,Phone Innovators,BBY,2/6/2012,8/6/2012,$24.04 ,$19.48 ,"$15,871,393,871 ","218,045,700",1966,"2,249.69","2,156.00",-0.148056166,-0.189702867,-0.041646701
305,2014,Goods,WeatherTech,,:none,2/3/2014,8/4/2014,#VALUE!,#VALUE!,#FIELD!,#FIELD!,#FIELD!,"2,973.19","2,749.19",#VALUE!,#VALUE!,-0.075340079
307,2014,Goods,RadioShack,,:none,2/3/2014,8/4/2014,#VALUE!,#VALUE!,#FIELD!,#FIELD!,#FIELD!,"2,973.19","2,749.19",#VALUE!,#VALUE!,-0.075340079
309,2015,Goods,Loctite,,HENKY,2/2/2015,8/3/2015,$25.81 ,$25.52 ,"$33,590,740,000 ","1,751,835,000",2001,"3,181.63","3,372.00",-0.071070232,-0.011235955,0.059834277
310,2015,Goods,Jublia ,,BMY,2/2/2015,8/3/2015,$60.23 ,$65.34 ,"$142,290,157,225 ","2,100,847,000",1933,"3,181.63","3,372.00",0.025007164,0.084841441,0.059834277
326,2015,Goods,WeatherTech ,,:none,2/2/2015,8/3/2015,#VALUE!,#VALUE!,#FIELD!,#FIELD!,#FIELD!,"3,181.63","3,372.00",#VALUE!,#VALUE!,0.059834277
328,2015,Goods,Always ,,PG,2/2/2015,8/3/2015,$85.12 ,$76.40 ,"$368,394,254,700 ","2,356,969,000",1905,"3,181.63","3,372.00",-0.162277886,-0.102443609,0.059834277
353,2015,Goods,Mophie ,,:none,2/2/2015,8/3/2015,#VALUE!,#VALUE!,#FIELD!,#FIELD!,#FIELD!,"3,181.63","3,372.00",#VALUE!,#VALUE!,0.059834277
357,2015,Goods,Dove+Men ,,UL,2/2/2015,8/3/2015,$43.88 ,$45.78 ,"$140,821,500,000 ","2,524,789,000",1894,"3,181.63","3,372.00",-0.016534368,0.043299909,0.059834277
370,2016,Goods,WeatherTech ,,:none,2/8/2016,8/8/2016,#VALUE!,#VALUE!,#FIELD!,#FIELD!,#FIELD!,"2,757.00","4,102.00",#VALUE!,#VALUE!,0.487849111
385,2016,Goods,The Pokémon Company ,,:none,2/8/2016,8/8/2016,#VALUE!,#VALUE!,#FIELD!,#FIELD!,#FIELD!,"2,757.00","4,102.00",#VALUE!,#VALUE!,0.487849111
388,2016,Goods,Colgate ,,CL,2/8/2016,8/8/2016,$66.07 ,$74.43 ,"$67,162,671,040 ","829,568,200",1923,"2,757.00","4,102.00",-0.361316646,0.126532466,0.487849111
395,2017,Goods,84 Lumber ,,:none,2/6/2017,8/7/2017,#VALUE!,#VALUE!,#FIELD!,#FIELD!,#FIELD!,"4,448.00","5,635.00",#VALUE!,#VALUE!,0.266861511
403,2017,Goods,Mr. Clean ,,PG,2/6/2017,8/7/2017,$87.40 ,$91.44 ,"$368,394,254,700 ","2,356,969,000",1905,"4,448.00","5,635.00",-0.220637254,0.046224256,0.266861511
419,2017,Goods,Nintendo Switch ,,NTDOY,2/6/2017,8/7/2017,$5.28 ,$8.57 ,"$7,390,845,000,000 ","1,298,690,000",1947,"4,448.00","5,635.00",0.356387259,0.623248769,0.266861511
436,2018,Goods,WeatherTech ,,:none,2/5/2018,8/6/2018,#VALUE!,#VALUE!,#FIELD!,#FIELD!,#FIELD!,"5,595.00","6,855.00",#VALUE!,#VALUE!,0.225201072
448,2018,Goods,Febreze ,,PG,2/5/2018,8/6/2018,$81.06 ,$82.52 ,"$368,394,254,700 ","2,356,969,000",1905,"5,595.00","6,855.00",-0.207189723,0.01801135,0.225201072
462,2018,Goods,Monster N/A,,MNST,2/5/2018,8/6/2018,$31.93 ,$29.71 ,"$59,779,319,085 ","1,044,819,000",2014,"5,595.00","6,855.00",-0.294739052,-0.06953798,0.225201072
464,2018,Goods,Persil ,,UL,2/5/2018,8/6/2018,$53.92 ,$56.76 ,"$140,821,500,000 ","2,524,789,000",1894,"5,595.00","6,855.00",-0.172530449,0.052670623,0.225201072
465,2018,Goods,Tide ,,PG,2/5/2018,8/6/2018,$81.06 ,$82.52 ,"$368,394,254,700 ","2,356,969,000",1905,"5,595.00","6,855.00",-0.207189723,0.01801135,0.225201072
466,2018,Goods,Tide ,,PG,2/5/2018,8/6/2018,$81.06 ,$82.52 ,"$368,394,254,700 ","2,356,969,000",1905,"5,595.00","6,855.00",-0.207189723,0.01801135,0.225201072
467,2018,Goods,Tide ,,PG,2/5/2018,8/6/2018,$81.06 ,$82.52 ,"$368,394,254,700 ","2,356,969,000",1905,"5,595.00","6,855.00",-0.207189723,0.01801135,0.225201072
468,2018,Goods,Tide ,,PG,2/5/2018,8/6/2018,$81.06 ,$82.52 ,"$368,394,254,700 ","2,356,969,000",1905,"5,595.00","6,855.00",-0.207189723,0.01801135,0.225201072
496,2018,Goods,Heroes Arena ,,:none,2/5/2018,8/6/2018,#VALUE!,#VALUE!,#FIELD!,#FIELD!,#FIELD!,"5,595.00","6,855.00",#VALUE!,#VALUE!,0.225201072
536,2019,Goods,Walmart Grocery Pickup ,,WMT,2/4/2019,8/5/2019,$94.77 ,$105.82 ,"$405,195,466,340 ","2,697,347,000",1969,"6,510.00","8,500.00",-0.189085484,0.11659808,0.305683564
541,2019,Goods,Xbox Adaptive Controller ,,MSFT,2/4/2019,8/5/2019,$105.74 ,$132.21 ,"$2,274,590,134,080 ","7,435,488,000",1993,"6,510.00","8,500.00",-0.055352563,0.250331001,0.305683564
15,1990,Service,American Express,The Race,AXP,1/29/1990,7/30/1990,$8.79 ,$8.54 ,"$113,589,476,181 ","743,240,700",1965,#VALUE!,264.92,#VALUE!,-0.02916387,#VALUE!
42,1998,Service,Visa,Elephant,V,1/26/1998,7/27/1998,#VALUE!,#VALUE!,"$465,196,897,900 ","2,049,145,000",2007,586.92,533.08,#VALUE!,#VALUE!,-0.091743163
52,1998,Service,FedEx,We Apologize,FDX,1/26/1998,7/27/1998,$31.97 ,$31.59 ,"$57,312,003,478 ","251,351,900",1997,586.92,533.08,0.080012976,-0.011730187,-0.091743163
64,1999,Service,MasterCard,Toons,MA,2/1/1999,8/2/1999,#VALUE!,#VALUE!,"$351,434,769,997 ","940,180,500",2001,537.92,669.31,#VALUE!,#VALUE!,0.2442443
77,1999,Service,FedEx,Stanley Cup,FDX,2/1/1999,8/2/1999,$42.56 ,$44.75 ,"$57,312,003,478 ","251,351,900",1997,537.92,669.31,-0.192849293,0.051395007,0.2442443
89,2000,Service,Visa,Swimmers,V,1/31/2000,7/31/2000,#VALUE!,#VALUE!,"$465,196,897,900 ","2,049,145,000",2007,429.15,358.62,#VALUE!,#VALUE!,-0.164366405
93,2000,Service,FedEx,Combat Rangers,FDX,1/31/2000,7/31/2000,$39.56 ,$39.63 ,"$57,312,003,478 ","251,351,900",1997,429.15,358.62,0.165946183,0.001579779,-0.164366405
94,2000,Service,FedEx,The Lollipop Guild,FDX,1/31/2000,7/31/2000,$39.56 ,$39.63 ,"$57,312,003,478 ","251,351,900",1997,429.15,358.62,0.165946183,0.001579779,-0.164366405
152,2003,Service,FedEx,Cast Away,FDX,1/27/2003,7/28/2003,$51.65 ,$65.16 ,"$57,312,003,478 ","251,351,900",1997,425.38,526.08,0.024859508,0.261568248,0.23670874
165,2004,Service,MasterCard,Errands,MA,2/2/2004,8/2/2004,#VALUE!,#VALUE!,"$351,434,769,997 ","940,180,500",2001,577.23,588.54,#VALUE!,#VALUE!,0.019589558
172,2005,Service,MastercardIcons,,MA,2/7/2005,8/8/2005,#VALUE!,#VALUE!,"$351,434,769,997 ","940,180,500",2001,751.15,824.39,#VALUE!,#VALUE!,0.097491034
327,2015,Service,Discover ,,DFS,2/2/2015,8/3/2015,$55.31 ,$55.15 ,"$24,099,475,400 ","253,946,000",1960,"3,181.63","3,372.00",-0.062727063,-0.002892786,0.059834277
345,2015,Service,Esurance ,,ALL,2/2/2015,8/3/2015,$70.91 ,$69.38 ,"$29,366,760,894 ","263,166,600",1992,"3,181.63","3,372.00",-0.081410923,-0.021576646,0.059834277
346,2015,Service,Esurance ,,ALL,2/2/2015,8/3/2015,$70.91 ,$69.38 ,"$29,366,760,894 ","263,166,600",1992,"3,181.63","3,372.00",-0.081410923,-0.021576646,0.059834277
347,2015,Service,Nationwide ,,N/A,2/2/2015,8/3/2015,#VALUE!,#VALUE!,#FIELD!,#FIELD!,#FIELD!,"3,181.63","3,372.00",#VALUE!,#VALUE!,0.059834277
348,2015,Service,Nationwide ,,N/A,2/2/2015,8/3/2015,#VALUE!,#VALUE!,#FIELD!,#FIELD!,#FIELD!,"3,181.63","3,372.00",#VALUE!,#VALUE!,0.059834277
354,2015,Service,No More ,,N/A,2/2/2015,8/3/2015,#VALUE!,#VALUE!,#FIELD!,#FIELD!,#FIELD!,"3,181.63","3,372.00",#VALUE!,#VALUE!,0.059834277
355,2015,Service,Weight Watchers ,,WTW,2/2/2015,8/3/2015,$116.45 ,$124.19 ,"$24,819,780,000 ","106,413,100",2009,"3,181.63","3,372.00",0.00658994,0.066424216,0.059834277
359,2015,Service,TurboTax ,,INTU,2/2/2015,8/3/2015,$88.28 ,$105.05 ,"$122,573,527,624 ","280,546,400",1993,"3,181.63","3,372.00",0.130129475,0.189963752,0.059834277
411,2017,Service,TurboTax ,,INTU,2/6/2017,8/7/2017,$117.89 ,$136.65 ,"$122,573,527,624 ","280,546,400",1993,"4,448.00","5,635.00",-0.107730117,0.159131394,0.266861511
421,2017,Service,Squarespace ,,N/A,2/6/2017,8/7/2017,#VALUE!,#VALUE!,#FIELD!,#FIELD!,#FIELD!,"4,448.00","5,635.00",#VALUE!,#VALUE!,0.266861511
422,2017,Service,Wix.com N/A,,WIX,2/6/2017,8/7/2017,$51.90 ,$58.60 ,"$4,941,125,463 ","56,820,670",2006,"4,448.00","5,635.00",-0.137767098,0.129094412,0.266861511
429,2018,Service,Turkish Airlines ,,TKHLY,2/5/2018,8/6/2018,#VALUE!,#VALUE!,#FIELD!,#FIELD!,#FIELD!,"5,595.00","6,855.00",#VALUE!,#VALUE!,0.225201072
463,2018,Service,E-Trade ,,ETFC,2/5/2018,8/6/2018,#VALUE!,#VALUE!,#FIELD!,#FIELD!,#FIELD!,"5,595.00","6,855.00",#VALUE!,#VALUE!,0.225201072
469,2018,Service,Rocket Mortgage ,,RTK,2/5/2018,8/6/2018,#VALUE!,#VALUE!,#FIELD!,#FIELD!,#FIELD!,"5,595.00","6,855.00",#VALUE!,#VALUE!,0.225201072
470,2018,Service,Groupon ,,GRPN,2/5/2018,8/6/2018,$102.00 ,$91.50 ,"$102,408,845 ","30,707,300",2008,"5,595.00","6,855.00",-0.328142249,-0.102941176,0.225201072
480,2018,Service,Intuit ,,INTU,2/5/2018,8/6/2018,$157.65 ,$207.48 ,"$122,573,527,624 ","280,546,400",1993,"5,595.00","6,855.00",0.090878851,0.316079924,0.225201072
481,2018,Service,TurboTax ,,INTU,2/5/2018,8/6/2018,$157.65 ,$207.48 ,"$122,573,527,624 ","280,546,400",1993,"5,595.00","6,855.00",0.090878851,0.316079924,0.225201072
482,2018,Service,TurboTax ,,INTU,2/5/2018,8/6/2018,$157.65 ,$207.48 ,"$122,573,527,624 ","280,546,400",1993,"5,595.00","6,855.00",0.090878851,0.316079924,0.225201072
494,2018,Service,Tourism Australia ,,N/A,2/5/2018,8/6/2018,#VALUE!,#VALUE!,#FIELD!,#FIELD!,#FIELD!,"5,595.00","6,855.00",#VALUE!,#VALUE!,0.225201072
495,2018,Service,Universal Parks & Resorts ,,CMCSA,2/5/2018,8/6/2018,$39.20 ,$35.32 ,"$169,754,635,440 ","4,168,827,000",2001,"5,595.00","6,855.00",-0.324180664,-0.098979592,0.225201072
534,2019,Service,Amazon Echo ,,AMZN,2/4/2019,8/5/2019,$81.67 ,$88.26 ,"$1,061,639,440,535 ","10,260,350,000",1996,"6,510.00","8,500.00",-0.224976288,0.080707275,0.305683564
4,1979,Soft drink,Coca-Cola,"Hey Kid, Catch!",KO,1/22/1979,7/23/1979,#VALUE!,#VALUE!,"$275,735,525,737 ","4,324,578,000",1919,#VALUE!,#VALUE!,#VALUE!,#VALUE!,#VALUE!
16,1992,Soft drink,Pepsi,Cindy Crawford,PEP,1/27/1992,7/27/1992,$16.44 ,$18.13 ,"$263,160,028,394 ","1,377,693,000",1986,263.85,289.69,0.004702672,0.102661597,0.097958925
36,1997,Soft drink,Pepsi,Darth Vader,PEP,1/27/1997,7/28/1997,$34.13 ,$38.44 ,"$263,160,028,394 ","1,377,693,000",1986,766.23,655.85,0.270435516,0.126373626,-0.144061889
55,1998,Soft drink,Pepsi,Mosquito,PEP,1/26/1998,7/27/1998,$36.44 ,$40.00 ,"$263,160,028,394 ","1,377,693,000",1986,586.92,533.08,0.189513317,0.097770154,-0.091743163
56,1998,Soft drink,Pepsi,Goose,PEP,1/26/1998,7/27/1998,$36.44 ,$40.00 ,"$263,160,028,394 ","1,377,693,000",1986,586.92,533.08,0.189513317,0.097770154,-0.091743163
128,2001,Soft drink,Pepsi,The Best Pepsi Ad Ever,PEP,1/29/2001,7/30/2001,$43.65 ,$46.10 ,"$263,160,028,394 ","1,377,693,000",1986,414.62,451.77,-0.033481939,0.056128293,0.089610232
129,2001,Soft drink,Pepsi,Bob Dole,PEP,1/29/2001,7/30/2001,$43.65 ,$46.10 ,"$263,160,028,394 ","1,377,693,000",1986,414.62,451.77,-0.033481939,0.056128293,0.089610232
130,2001,Soft drink,Pepsi,Rollercoaster,PEP,1/29/2001,7/30/2001,$43.65 ,$46.10 ,"$263,160,028,394 ","1,377,693,000",1986,414.62,451.77,-0.033481939,0.056128293,0.089610232
139,2002,Soft drink,Pepsi,Now and Then,PEP,2/4/2002,8/5/2002,$50.30 ,$40.94 ,"$263,160,028,394 ","1,377,693,000",1986,410.85,421.08,-0.210985269,-0.186083499,0.02490177
140,2002,Soft drink,Pepsi,The Joy of Pepsi,PEP,2/4/2002,8/5/2002,$50.30 ,$40.94 ,"$263,160,028,394 ","1,377,693,000",1986,410.85,421.08,-0.210985269,-0.186083499,0.02490177
166,2004,Soft drink,Pepsi,Bear's Disguise,PEP,2/2/2004,8/2/2004,$47.94 ,$51.08 ,"$263,160,028,394 ","1,377,693,000",1986,577.23,588.54,0.045908982,0.06549854,0.019589558
167,2004,Soft drink,Pepsi,Hendrix,PEP,2/2/2004,8/2/2004,$47.94 ,$51.08 ,"$263,160,028,394 ","1,377,693,000",1986,577.23,588.54,0.045908982,0.06549854,0.019589558
181,2005,Soft drink,Diet Pepsi,The Diet Pepsi Truck,PEP,2/7/2005,8/8/2005,$54.70 ,$53.90 ,"$263,160,028,394 ","1,377,693,000",1986,751.15,824.39,-0.112116263,-0.014625229,0.097491034
199,2008,Soft drink,Coca-Cola,It's Mine,KO,2/4/2008,8/4/2008,$29.32 ,$26.95 ,"$275,735,525,737 ","4,324,578,000",1919,"1,009.62","1,065.62",-0.136142066,-0.080675422,0.055466644
200,2008,Soft drink,SoBe,Thriller,PEP,2/4/2008,8/4/2008,$69.22 ,$67.67 ,"$263,160,028,394 ","1,377,693,000",1986,"1,009.62","1,065.62",-0.077859016,-0.022392372,0.055466644
219,2009,Soft drink,Pepsi,Forever Young,PEP,2/2/2009,8/3/2009,$50.13 ,$56.20 ,"$263,160,028,394 ","1,377,693,000",1986,892.77,996.15,0.00528296,0.121085179,0.115802218
220,2009,Soft drink,Pepsi,I'm Good,PEP,2/2/2009,8/3/2009,$50.13 ,$56.20 ,"$263,160,028,394 ","1,377,693,000",1986,892.77,996.15,0.00528296,0.121085179,0.115802218
221,2009,Soft drink,Pepsi,PepSuber,PEP,2/2/2009,8/3/2009,$50.13 ,$56.20 ,"$263,160,028,394 ","1,377,693,000",1986,892.77,996.15,0.00528296,0.121085179,0.115802218
250,2010,Soft drink,Coca-Cola,Africa,KO,2/8/2010,8/9/2010,$26.33 ,$28.56 ,"$275,735,525,737 ","4,324,578,000",1919,"1,339.69","1,678.92",-0.168505068,0.084710351,0.25321542
251,2010,Soft drink,Coca-Cola,The Simpsons,KO,2/8/2010,8/9/2010,$26.33 ,$28.56 ,"$275,735,525,737 ","4,324,578,000",1919,"1,339.69","1,678.92",-0.168505068,0.084710351,0.25321542
276,2011,Soft drink,Pepsi,Love Hurts,PEP,2/7/2011,8/8/2011,$63.68 ,$62.97 ,"$263,160,028,394 ","1,377,693,000",1986,"2,019.23","1,775.85",0.109383828,-0.011149497,-0.120533326
291,2012,Soft drink,Pepsi,The King's Court,PEP,2/6/2012,8/6/2012,$66.52 ,$72.48 ,"$263,160,028,394 ","1,377,693,000",1986,"2,249.69","2,156.00",0.131243815,0.089597114,-0.041646701
308,2014,Soft drink,Coca-Cola,,KO,2/3/2014,8/4/2014,$37.20 ,$39.40 ,"$275,735,525,737 ","4,324,578,000",1919,"2,973.19","2,749.19",0.134479864,0.059139785,-0.075340079
358,2015,Soft drink,Coca-Cola ,,KO,2/2/2015,8/3/2015,$41.59 ,$41.54 ,"$275,735,525,737 ","4,324,578,000",1919,"3,181.63","3,372.00",-0.061036489,-0.001202212,0.059834277
389,2016,Soft drink,Mountain Dew Kickstart ,,PEP,2/8/2016,8/8/2016,$97.52 ,$108.14 ,"$263,160,028,394 ","1,377,693,000",1986,"2,757.00","4,102.00",-0.378948373,0.108900738,0.487849111
472,2018,Soft drink,Coca-Cola ,,KO,2/5/2018,8/6/2018,$44.89 ,$46.65 ,"$275,735,525,737 ","4,324,578,000",1919,"5,595.00","6,855.00",-0.185994122,0.03920695,0.225201072
473,2018,Soft drink,Diet Coke ,,KO,2/5/2018,8/6/2018,$44.89 ,$46.65 ,"$275,735,525,737 ","4,324,578,000",1919,"5,595.00","6,855.00",-0.185994122,0.03920695,0.225201072
474,2018,Soft drink,Pepsi ,,PEP,2/5/2018,8/6/2018,$114.46 ,$117.38 ,"$263,160,028,394 ","1,377,693,000",1986,"5,595.00","6,855.00",-0.199689977,0.025511096,0.225201072
513,2019,Soft drink,Bubly sparkling water ,,PEP,2/4/2019,8/5/2019,$113.09 ,$124.40 ,"$263,160,028,394 ","1,377,693,000",1986,"6,510.00","8,500.00",-0.205674721,0.100008843,0.305683564
514,2019,Soft drink,Pepsi ,,PEP,2/4/2019,8/5/2019,$113.09 ,$124.40 ,"$263,160,028,394 ","1,377,693,000",1986,"6,510.00","8,500.00",-0.205674721,0.100008843,0.305683564
247,2010,Wireless,Boost Mobile,Shuffle,S,2/8/2010,8/9/2010,#VALUE!,#VALUE!,"$4,519,804,860 ","288,621,000",2013,"1,339.69","1,678.92",#VALUE!,#VALUE!,0.25321542
350,2015,Wireless,Sprint ,,SFTBY,2/2/2015,8/3/2015,$15.12 ,$13.82 ,#FIELD!,#FIELD!,1981,"3,181.63","3,372.00",-0.145510757,-0.08567648,0.059834277
351,2015,Wireless,T-Mobile ,,DTEGY,2/2/2015,8/3/2015,$17.62 ,$18.50 ,"$120,309,300,000 ","4,986,458,000",1995,"3,181.63","3,372.00",-0.00989103,0.049943246,0.059834277
352,2015,Wireless,T-Mobile ,,DTEGY,2/2/2015,8/3/2015,$17.62 ,$18.50 ,"$120,309,300,000 ","4,986,458,000",1995,"3,181.63","3,372.00",-0.00989103,0.049943246,0.059834277
386,2016,Wireless,T-Mobile ,,DTEGY,2/8/2016,8/8/2016,$16.04 ,$17.16 ,"$120,309,300,000 ","4,986,458,000",1995,"2,757.00","4,102.00",-0.418023675,0.069825436,0.487849111
387,2016,Wireless,T-Mobile ,,DTEGY,2/8/2016,8/8/2016,$16.04 ,$17.16 ,"$120,309,300,000 ","4,986,458,000",1995,"2,757.00","4,102.00",-0.418023675,0.069825436,0.487849111
423,2017,Wireless,Sprint ,,SFTBY,2/6/2017,8/7/2017,$19.30 ,$20.58 ,#FIELD!,#FIELD!,1981,"4,448.00","5,635.00",-0.200799335,0.066062176,0.266861511
424,2017,Wireless,T-Mobile ,,DTEGY,2/6/2017,8/7/2017,$17.05 ,$18.78 ,"$120,309,300,000 ","4,986,458,000",1995,"4,448.00","5,635.00",-0.165395235,0.101466276,0.266861511
425,2017,Wireless,T-Mobile ,,DTEGY,2/6/2017,8/7/2017,$17.05 ,$18.78 ,"$120,309,300,000 ","4,986,458,000",1995,"4,448.00","5,635.00",-0.165395235,0.101466276,0.266861511
426,2017,Wireless,T-Mobile ,,DTEGY,2/6/2017,8/7/2017,$17.05 ,$18.78 ,"$120,309,300,000 ","4,986,458,000",1995,"4,448.00","5,635.00",-0.165395235,0.101466276,0.266861511
427,2017,Wireless,T-Mobile ,,DTEGY,2/6/2017,8/7/2017,$17.05 ,$18.78 ,"$120,309,300,000 ","4,986,458,000",1995,"4,448.00","5,635.00",-0.165395235,0.101466276,0.266861511
500,2018,Wireless,Sprint ,,SFTBY,2/5/2018,8/6/2018,$19.18 ,$22.46 ,#FIELD!,#FIELD!,1981,"5,595.00","6,855.00",-0.054602871,0.170598201,0.225201072
501,2018,Wireless,Verizon Wireless ,,VZ,2/5/2018,8/6/2018,$50.50 ,$52.48 ,"$157,880,919,560 ","4,203,992,000",1983,"5,595.00","6,855.00",-0.185993152,0.039207921,0.225201072
502,2018,Wireless,Verizon Wireless ,,VZ,2/5/2018,8/6/2018,$50.50 ,$52.48 ,"$157,880,919,560 ","4,203,992,000",1983,"5,595.00","6,855.00",-0.185993152,0.039207921,0.225201072
503,2018,Wireless,T-Mobile ,,DTEGY,2/5/2018,8/6/2018,$16.47 ,$16.46 ,"$120,309,300,000 ","4,986,458,000",1995,"5,595.00","6,855.00",-0.225504747,-0.000303674,0.225201072
542,2019,Wireless,T-Mobile ,,DTEGY,2/4/2019,8/5/2019,$16.16 ,$16.33 ,"$120,309,300,000 ","4,986,458,000",1995,"6,510.00","8,500.00",-0.295163762,0.010519802,0.305683564
543,2019,Wireless,T-Mobile ,,DTEGY,2/4/2019,8/5/2019,$16.16 ,$16.33 ,"$120,309,300,000 ","4,986,458,000",1995,"6,510.00","8,500.00",-0.295163762,0.010519802,0.305683564
544,2019,Wireless,T-Mobile ,,DTEGY,2/4/2019,8/5/2019,$16.16 ,$16.33 ,"$120,309,300,000 ","4,986,458,000",1995,"6,510.00","8,500.00",-0.295163762,0.010519802,0.305683564
545,2019,Wireless,T-Mobile ,,DTEGY,2/4/2019,8/5/2019,$16.16 ,$16.33 ,"$120,309,300,000 ","4,986,458,000",1995,"6,510.00","8,500.00",-0.295163762,0.010519802,0.305683564
18,1993,Clothing,Nike,Hare Jordan,NKE,2/1/1993,8/2/1993,$2.63 ,$1.77 ,"$195,382,041,680 ","1,536,989,000",1969,355.38,371.54,-0.373842691,-0.328388299,0.045454392
19,1993,Clothing,Lee,Inhale,VFC,2/1/1993,8/2/1993,$6.44 ,$5.13 ,"$8,437,741,299 ","388,656,900",1899,355.38,371.54,-0.248646096,-0.203191704,0.045454392
20,1993,Clothing,Lee,The Date,VFC,2/1/1993,8/2/1993,$6.44 ,$5.13 ,"$8,437,741,299 ","388,656,900",1899,355.38,371.54,-0.248646096,-0.203191704,0.045454392
26,1994,Clothing,No Fear,,none,1/31/1994,8/1/1994,#VALUE!,#VALUE!,#FIELD!,#FIELD!,#FIELD!,435.08,444.77,#VALUE!,#VALUE!,0.022277201
54,1998,Clothing,Hilfiger,Have Some Fun,PVH,1/26/1998,7/27/1998,$11.75 ,$12.88 ,"$5,227,734,840 ","62,712,750",1976,586.92,533.08,0.187487844,0.095744681,-0.091743163
249,2010,Clothing,Skechers,Shape-Ups,SKX,2/8/2010,8/9/2010,$9.08 ,$10.07 ,"$8,158,600,344 ","155,283,600",1998,"1,339.69","1,678.92",-0.14494961,0.108265809,0.25321542
349,2015,Clothing,Victoria's Secret ,,LB,2/2/2015,8/3/2015, ¥7.03 , ¥9.04 ,"$41,382,110,000 ","2,389,267,000",1998,"3,181.63","3,372.00",0.2256952,0.285529477,0.059834277
356,2015,Clothing,Skechers ,,SKX,2/2/2015,8/3/2015,$20.24 ,$49.55 ,"$8,158,600,344 ","155,283,600",1998,"3,181.63","3,372.00",1.387888651,1.447722928,0.059834277
371,2016,Clothing,Marmot ,,NWL,2/8/2016,8/8/2016,#VALUE!,#VALUE!,"$4,201,321,458 ","414,127,300",1987,"2,757.00","4,102.00",#VALUE!,#VALUE!,0.487849111
471,2018,Clothing,Skechers ,,SKX,2/5/2018,8/6/2018,$39.49 ,$28.80 ,"$8,158,600,344 ","155,283,600",1998,"5,595.00","6,855.00",-0.495902516,-0.270701443,0.225201072
3,1976,Technology,Xerox,Monks,XRX,1/19/1976,7/19/1976,#VALUE!,#VALUE!,"$2,391,262,747 ","156,958,500",2019,#VALUE!,#VALUE!,#VALUE!,#VALUE!,#VALUE!
5,1981,Technology,Polaroid,Now with a Flash,PRD,1/26/1981,7/27/1981,#VALUE!,#VALUE!,#FIELD!,#FIELD!,#FIELD!,#VALUE!,#VALUE!,#VALUE!,#VALUE!,#VALUE!
6,1982,Technology,RadioShack,Color Computer,RSHCQ,1/25/1982,7/26/1982,#VALUE!,#VALUE!,#FIELD!,#FIELD!,#FIELD!,#VALUE!,#VALUE!,#VALUE!,#VALUE!,#VALUE!
8,1984,Technology,Apple Inc.,1984,AAPL,1/23/1984,7/23/1984,$0.13 ,$0.11 ,"$2,669,458,835,465 ","15,821,950,000",1977,#VALUE!,187.38,#VALUE!,-0.129557797,#VALUE!
9,1984,Technology,Atari,Get Started,none,1/23/1984,7/23/1984,#VALUE!,#VALUE!,#FIELD!,#FIELD!,#FIELD!,#VALUE!,187.38,#VALUE!,#VALUE!,#VALUE!
41,1998,Technology,Intel,Mystery,INTC,1/26/1998,7/27/1998,$19.42 ,$21.52 ,"$124,817,175,000 ","4,171,000,000",1989,586.92,533.08,0.199544151,0.107800988,-0.091743163
65,1999,Technology,Apple Inc.,HAL,AAPL,2/1/1999,8/2/1999,$0.37 ,$0.50 ,"$2,669,458,835,465 ","15,821,950,000",1977,537.92,669.31,0.117725604,0.361969904,0.2442443
182,2005,Technology,OlympusLet Your Pictures Groove,,OCPNY,2/7/2005,8/8/2005,€ 4.23,€ 4.00,"$3,036,930,000,000 ","1,266,179,000",1919,751.15,824.39,-0.150745472,-0.053254438,0.097491034
360,2015,Technology,Microsoft ,,MSFT,2/2/2015,8/3/2015,$41.28 ,$46.81 ,"$2,274,590,134,080 ","7,435,488,000",1993,"3,181.63","3,372.00",0.074128902,0.133963178,0.059834277
412,2017,Technology,Intel ,,INTC,2/6/2017,8/7/2017,$36.27 ,$36.43 ,"$124,817,175,000 ","4,171,000,000",1989,"4,448.00","5,635.00",-0.262450152,0.004411359,0.266861511
483,2018,Technology,Amazon Echo ,,AMZN,2/5/2018,8/6/2018,$69.50 ,$92.39 ,"$1,061,639,440,535 ","10,260,350,000",1996,"5,595.00","6,855.00",0.104115474,0.329316547,0.225201072
57,1998,Sports,NFL,Anthony,none,1/26/1998,7/27/1998,#VALUE!,#VALUE!,#FIELD!,#FIELD!,#FIELD!,586.92,533.08,#VALUE!,#VALUE!,-0.091743163
79,1999,Sports,WWF,HQ,none,2/1/1999,8/2/1999,#VALUE!,#VALUE!,#FIELD!,#FIELD!,#FIELD!,537.92,669.31,#VALUE!,#VALUE!,0.2442443
390,2016,Sports,NFL ,,none,2/8/2016,8/8/2016,#VALUE!,#VALUE!,#FIELD!,#FIELD!,#FIELD!,"2,757.00","4,102.00",#VALUE!,#VALUE!,0.487849111
475,2018,Sports,2018 Winter Olympics (NBC) ,,CMCSA,2/5/2018,8/6/2018,$39.20 ,$35.32 ,"$169,754,635,440 ","4,168,827,000",2001,"5,595.00","6,855.00",-0.324180664,-0.098979592,0.225201072
476,2018,Sports,2018 Winter Olympics (NBC) N/A A number of promotions by NBC for their Olympic coverage.,,CMCSA,2/5/2018,8/6/2018,$39.20 ,$35.32 ,"$169,754,635,440 ","4,168,827,000",2001,"5,595.00","6,855.00",-0.324180664,-0.098979592,0.225201072
477,2018,Sports,NFL ,,none,2/5/2018,8/6/2018,#VALUE!,#VALUE!,#FIELD!,#FIELD!,#FIELD!,"5,595.00","6,855.00",#VALUE!,#VALUE!,0.225201072
478,2018,Sports,NFL ,,none,2/5/2018,8/6/2018,#VALUE!,#VALUE!,#FIELD!,#FIELD!,#FIELD!,"5,595.00","6,855.00",#VALUE!,#VALUE!,0.225201072
479,2018,Sports,2018 FIFA World Cup (Telemundo) ,,CMCSA,2/5/2018,8/6/2018,$39.20 ,$35.32 ,"$169,754,635,440 ","4,168,827,000",2001,"5,595.00","6,855.00",-0.324180664,-0.098979592,0.225201072
535,2019,Sports,NFL centennial season ,,none,2/4/2019,8/5/2019,#VALUE!,#VALUE!,#FIELD!,#FIELD!,#FIELD!,"6,510.00","8,500.00",#VALUE!,#VALUE!,0.305683564
127,2001,Gaming,PlayStation 2,Future,SNE,1/29/2001,7/30/2001,$73.50 ,$46.40 ,"$115,531,900,000 ","1,261,082,000",1946,414.62,451.77,-0.458317715,-0.368707483,0.089610232
138,2002,Gaming,Madden NFL 2002,,EA,2/4/2002,8/5/2002,$25.59 ,$27.61 ,"$34,484,120,700 ","274,227,600",1991,410.85,421.08,0.054035315,0.078937085,0.02490177
155,2004,Gaming,PlayStation 2,Going Back,SNE,2/2/2004,8/2/2004,$40.50 ,$34.90 ,"$115,531,900,000 ","1,261,082,000",1946,577.23,588.54,-0.157861163,-0.138271605,0.019589558
343,2015,Gaming,Clash of Clans ,,none,2/2/2015,8/3/2015,#VALUE!,#VALUE!,#FIELD!,#FIELD!,#FIELD!,"3,181.63","3,372.00",#VALUE!,#VALUE!,0.059834277
344,2015,Gaming,Game of War: Fire Age ,,none,2/2/2015,8/3/2015,#VALUE!,#VALUE!,#FIELD!,#FIELD!,#FIELD!,"3,181.63","3,372.00",#VALUE!,#VALUE!,0.059834277
